{"cameraMode":{"drawMode":0,"name":"Shaded","section":"Shading Mode"},"sceneLighting":false,"audioPlay":false,"sceneViewState":{"showFog":true,"showMaterialUpdate":true,"showSkybox":false,"showFlares":true,"showImageEffects":true,"showParticleSystems":true},"in2DMode":false,"pivot":{"x":1.3988316059112549,"y":-3.3052635192871095,"z":16.28240394592285},"rotation":{"x":0.2627595365047455,"y":-0.5147635340690613,"z":0.1695449948310852,"w":0.7984347343444824},"size":5.717259407043457,"orthographic":false}