{"cameraMode":{"drawMode":0,"name":"Shaded","section":"Shading Mode"},"sceneLighting":false,"audioPlay":false,"sceneViewState":{"showFog":true,"showMaterialUpdate":false,"showSkybox":false,"showFlares":true,"showImageEffects":true,"showParticleSystems":true},"in2DMode":false,"pivot":{"x":0.0,"y":0.6735997200012207,"z":-0.0000019073486328125},"rotation":{"x":-0.22441643476486207,"y":-0.7329298257827759,"z":0.28596562147140505,"w":-0.5751835703849793},"size":1.165390133857727,"orthographic":false}