{"cameraMode":{"drawMode":0,"name":"Shaded","section":"Shading Mode"},"sceneLighting":true,"audioPlay":false,"sceneViewState":{"showFog":true,"showMaterialUpdate":true,"showSkybox":true,"showFlares":true,"showImageEffects":true,"showParticleSystems":true},"in2DMode":false,"pivot":{"x":611.8348999023438,"y":604.91455078125,"z":-61.62225341796875},"rotation":{"x":-0.0025595948100090029,"y":-0.9998854994773865,"z":-0.029119668528437616,"w":-0.005117158405482769},"size":750.7935791015625,"orthographic":false}