{"cameraMode":{"drawMode":0,"name":"Shaded","section":"Shading Mode"},"sceneLighting":false,"audioPlay":false,"sceneViewState":{"showFog":true,"showMaterialUpdate":false,"showSkybox":false,"showFlares":true,"showImageEffects":true,"showParticleSystems":true},"in2DMode":false,"pivot":{"x":0.0,"y":0.9164125919342041,"z":-0.06324666738510132},"rotation":{"x":-0.0026897809002548458,"y":0.986914336681366,"z":-0.1612885296344757,"w":-0.014768705703318119},"size":1.4787331819534302,"orthographic":false}