{"cameraMode":{"drawMode":0,"name":"Shaded","section":"Shading Mode"},"sceneLighting":false,"audioPlay":false,"sceneViewState":{"showFog":true,"showMaterialUpdate":false,"showSkybox":false,"showFlares":true,"showImageEffects":true,"showParticleSystems":true},"in2DMode":false,"pivot":{"x":-9.431930541992188,"y":41.6790771484375,"z":16.357086181640626},"rotation":{"x":0.2833629250526428,"y":0.04426620900630951,"z":-0.010125933215022087,"w":0.958200216293335},"size":89.82096862792969,"orthographic":false}