{"cameraMode":{"drawMode":0,"name":"Shaded","section":"Shading Mode"},"sceneLighting":true,"audioPlay":false,"sceneViewState":{"showFog":true,"showMaterialUpdate":true,"showSkybox":true,"showFlares":true,"showImageEffects":true,"showParticleSystems":true},"in2DMode":false,"pivot":{"x":41.38495635986328,"y":7.603294849395752,"z":20.923255920410158},"rotation":{"x":-0.056936461478471759,"y":0.2415454089641571,"z":-0.01709882542490959,"w":-0.9688902497291565},"size":14.438655853271485,"orthographic":false}