{"cameraMode":{"drawMode":0,"name":"Shaded","section":"Shading Mode"},"sceneLighting":false,"audioPlay":false,"sceneViewState":{"showFog":true,"showMaterialUpdate":true,"showSkybox":false,"showFlares":true,"showImageEffects":true,"showParticleSystems":true},"in2DMode":false,"pivot":{"x":-0.01661616563796997,"y":-0.059641674160957339,"z":0.03569209575653076},"rotation":{"x":0.12579618394374848,"y":0.8723901510238648,"z":-0.28105005621910097,"w":0.3803899884223938},"size":0.2383730560541153,"orthographic":false}