{"cameraMode":{"drawMode":0,"name":"Shaded","section":"Shading Mode"},"sceneLighting":false,"audioPlay":false,"sceneViewState":{"showFog":true,"showMaterialUpdate":false,"showSkybox":false,"showFlares":true,"showImageEffects":true,"showParticleSystems":true},"in2DMode":false,"pivot":{"x":-2.4718971252441408,"y":2.524937152862549,"z":0.13320353627204896},"rotation":{"x":-0.019013822078704835,"y":0.7830549478530884,"z":-0.02320842444896698,"w":-0.6214342713356018},"size":3.6479332447052,"orthographic":false}