{"cameraMode":{"drawMode":0,"name":"Shaded","section":"Shading Mode"},"sceneLighting":false,"audioPlay":false,"sceneViewState":{"showFog":true,"showMaterialUpdate":true,"showSkybox":false,"showFlares":true,"showImageEffects":true,"showParticleSystems":true},"in2DMode":false,"pivot":{"x":3.01560640335083,"y":12.842015266418457,"z":24.439517974853517},"rotation":{"x":-0.014112237840890885,"y":0.9752297401428223,"z":0.06504381448030472,"w":0.21121364831924439},"size":7.007404327392578,"orthographic":false}