{"cameraMode":{"drawMode":0,"name":"Shaded","section":"Shading Mode"},"sceneLighting":false,"audioPlay":false,"sceneViewState":{"showFog":true,"showMaterialUpdate":false,"showSkybox":false,"showFlares":true,"showImageEffects":true,"showParticleSystems":true},"in2DMode":false,"pivot":{"x":0.048183560371398929,"y":0.6025636196136475,"z":0.11058276891708374},"rotation":{"x":0.2833629250526428,"y":0.04426620900630951,"z":-0.010125933215022087,"w":0.958200216293335},"size":1.945367455482483,"orthographic":false}