{"cameraMode":{"drawMode":0,"name":"Shaded","section":"Shading Mode"},"sceneLighting":false,"audioPlay":false,"sceneViewState":{"showFog":true,"showMaterialUpdate":false,"showSkybox":false,"showFlares":true,"showImageEffects":true,"showParticleSystems":true},"in2DMode":false,"pivot":{"x":-4.172325134277344e-7,"y":1.453399658203125,"z":-0.04726368188858032},"rotation":{"x":0.04889039322733879,"y":0.9241043925285339,"z":-0.11681105196475983,"w":0.3613435924053192},"size":1.468955159187317,"orthographic":false}