{"cameraMode":{"drawMode":0,"name":"Shaded","section":"Shading Mode"},"sceneLighting":false,"audioPlay":false,"sceneViewState":{"showFog":true,"showMaterialUpdate":true,"showSkybox":false,"showFlares":true,"showImageEffects":true,"showParticleSystems":true},"in2DMode":false,"pivot":{"x":-1.235520839691162,"y":1.6757317781448365,"z":0.4393608868122101},"rotation":{"x":0.014171411283314228,"y":0.9882370829582214,"z":-0.12733124196529389,"w":0.08689667284488678},"size":2.0349507331848146,"orthographic":false}