{"cameraMode":{"drawMode":0,"name":"Shaded","section":"Shading Mode"},"sceneLighting":false,"audioPlay":false,"sceneViewState":{"showFog":true,"showMaterialUpdate":false,"showSkybox":false,"showFlares":true,"showImageEffects":true,"showParticleSystems":true},"in2DMode":false,"pivot":{"x":0.25242114067077639,"y":1.1193960905075074,"z":-0.8354455232620239},"rotation":{"x":0.04889039322733879,"y":0.9241043925285339,"z":-0.11681105196475983,"w":0.3613435924053192},"size":1.468955159187317,"orthographic":false}