{"cameraMode":{"drawMode":0,"name":"Shaded","section":"Shading Mode"},"sceneLighting":false,"audioPlay":false,"sceneViewState":{"showFog":true,"showMaterialUpdate":false,"showSkybox":false,"showFlares":true,"showImageEffects":true,"showParticleSystems":true},"in2DMode":false,"pivot":{"x":0.01581573486328125,"y":0.04543590545654297,"z":-0.2378520965576172},"rotation":{"x":-0.16564103960990907,"y":0.3345995247364044,"z":-0.059757862240076068,"w":-0.9258476495742798},"size":17.049678802490236,"orthographic":false}