{"cameraMode":{"drawMode":0,"name":"Shaded","section":"Shading Mode"},"sceneLighting":false,"audioPlay":false,"sceneViewState":{"showFog":true,"showMaterialUpdate":true,"showSkybox":false,"showFlares":true,"showImageEffects":true,"showParticleSystems":true},"in2DMode":false,"pivot":{"x":-0.15729273855686189,"y":0.4628566801548004,"z":0.12754245102405549},"rotation":{"x":-0.09116324782371521,"y":0.8979524970054627,"z":-0.222715824842453,"w":-0.3688569664955139},"size":1.0008125305175782,"orthographic":false}