{"cameraMode":{"drawMode":0,"name":"Shaded","section":"Shading Mode"},"sceneLighting":false,"audioPlay":false,"sceneViewState":{"showFog":true,"showMaterialUpdate":true,"showSkybox":false,"showFlares":true,"showImageEffects":true,"showParticleSystems":true},"in2DMode":false,"pivot":{"x":0.0,"y":1.3739546537399293,"z":0.0000019073486328125},"rotation":{"x":-0.021886000409722329,"y":0.9505566954612732,"z":-0.06950799375772476,"w":-0.30365097522735598},"size":2.4968032836914064,"orthographic":false}