{"cameraMode":{"drawMode":0,"name":"Shaded","section":"Shading Mode"},"sceneLighting":false,"audioPlay":false,"sceneViewState":{"showFog":true,"showMaterialUpdate":true,"showSkybox":false,"showFlares":true,"showImageEffects":true,"showParticleSystems":true},"in2DMode":false,"pivot":{"x":0.0000057220458984375,"y":1.7865334749221802,"z":0.0},"rotation":{"x":0.07211782783269882,"y":0.22731062769889832,"z":-0.01826249435544014,"w":0.971725344657898},"size":2.4400851726531984,"orthographic":false}