{"cameraMode":{"drawMode":0,"name":"Shaded","section":"Shading Mode"},"sceneLighting":false,"audioPlay":false,"sceneViewState":{"showFog":true,"showMaterialUpdate":false,"showSkybox":false,"showFlares":true,"showImageEffects":true,"showParticleSystems":true},"in2DMode":false,"pivot":{"x":-1.159604787826538,"y":-0.26460790634155276,"z":0.9590165615081787},"rotation":{"x":-0.41288521885871889,"y":0.13632351160049439,"z":-0.06265006959438324,"w":-0.8983517289161682},"size":3.5680582523345949,"orthographic":false}