{"cameraMode":{"drawMode":0,"name":"Shaded","section":"Shading Mode"},"sceneLighting":true,"audioPlay":false,"sceneViewState":{"showFog":true,"showMaterialUpdate":true,"showSkybox":false,"showFlares":true,"showImageEffects":true,"showParticleSystems":true},"in2DMode":false,"pivot":{"x":19.11638069152832,"y":-15.657715797424317,"z":-19.234201431274415},"rotation":{"x":-0.06264905631542206,"y":-0.9247148633003235,"z":0.1743408888578415,"w":-0.33286556601524355},"size":23.229169845581056,"orthographic":false}