{"cameraMode":{"drawMode":0,"name":"Shaded","section":"Shading Mode"},"sceneLighting":false,"audioPlay":false,"sceneViewState":{"showFog":true,"showMaterialUpdate":false,"showSkybox":false,"showFlares":true,"showImageEffects":true,"showParticleSystems":true},"in2DMode":false,"pivot":{"x":-0.16440361738204957,"y":-0.1300390362739563,"z":-0.04258608818054199},"rotation":{"x":-0.16564103960990907,"y":0.3345995247364044,"z":-0.059757862240076068,"w":-0.9258476495742798},"size":1.2370970249176026,"orthographic":false}