{"cameraMode":{"drawMode":0,"name":"Shaded","section":"Shading Mode"},"sceneLighting":true,"audioPlay":false,"sceneViewState":{"showFog":true,"showMaterialUpdate":false,"showSkybox":false,"showFlares":true,"showImageEffects":true,"showParticleSystems":true},"in2DMode":false,"pivot":{"x":2.9010396003723146,"y":-7.814098834991455,"z":-10.699712753295899},"rotation":{"x":0.008408348076045514,"y":0.9682391881942749,"z":-0.2501577138900757,"w":0.020680071786046029},"size":12.602546691894532,"orthographic":false}