{"cameraMode":{"drawMode":0,"name":"Shaded","section":"Shading Mode"},"sceneLighting":false,"audioPlay":false,"sceneViewState":{"showFog":true,"showMaterialUpdate":true,"showSkybox":false,"showFlares":true,"showImageEffects":true,"showParticleSystems":true},"in2DMode":false,"pivot":{"x":-0.6377407312393189,"y":0.8384058475494385,"z":0.2505086660385132},"rotation":{"x":-0.05329663306474686,"y":0.8591872453689575,"z":-0.0919916108250618,"w":-0.5007808208465576},"size":2.8698081970214845,"orthographic":false}