{"cameraMode":{"drawMode":0,"name":"Shaded","section":"Shading Mode"},"sceneLighting":true,"audioPlay":false,"sceneViewState":{"showFog":true,"showMaterialUpdate":true,"showSkybox":true,"showFlares":true,"showImageEffects":true,"showParticleSystems":true},"in2DMode":false,"pivot":{"x":-2.7460947036743166,"y":2.968364953994751,"z":1.7740180492401124},"rotation":{"x":0.027287906035780908,"y":0.9478368163108826,"z":-0.0740254744887352,"w":0.3097648024559021},"size":1.3051118850708008,"orthographic":false}