{"cameraMode":{"drawMode":0,"name":"Shaded","section":"Shading Mode"},"sceneLighting":false,"audioPlay":false,"sceneViewState":{"showFog":true,"showMaterialUpdate":false,"showSkybox":false,"showFlares":true,"showImageEffects":true,"showParticleSystems":true},"in2DMode":false,"pivot":{"x":0.004781253635883331,"y":-0.32390540838241579,"z":0.0},"rotation":{"x":-0.019036034122109414,"y":0.601639986038208,"z":0.018114250153303148,"w":0.798690140247345},"size":1.0011330842971802,"orthographic":false}