{"cameraMode":{"drawMode":0,"name":"Shaded","section":"Shading Mode"},"sceneLighting":false,"audioPlay":false,"sceneViewState":{"showFog":true,"showMaterialUpdate":false,"showSkybox":false,"showFlares":true,"showImageEffects":true,"showParticleSystems":true},"in2DMode":false,"pivot":{"x":0.9368051290512085,"y":0.5601497888565064,"z":0.446804404258728},"rotation":{"x":0.012392324395477772,"y":0.8717860579490662,"z":0.022286243736743928,"w":-0.4893855154514313},"size":1.787245750427246,"orthographic":false}