{"cameraMode":{"drawMode":0,"name":"Shaded","section":"Shading Mode"},"sceneLighting":false,"audioPlay":false,"sceneViewState":{"showFog":true,"showMaterialUpdate":false,"showSkybox":false,"showFlares":true,"showImageEffects":true,"showParticleSystems":true},"in2DMode":false,"pivot":{"x":0.010025978088378907,"y":0.48961251974105837,"z":1.2195637226104737},"rotation":{"x":-0.019036034122109414,"y":0.601639986038208,"z":0.018114250153303148,"w":0.798690140247345},"size":2.772538423538208,"orthographic":false}