{"cameraMode":{"drawMode":0,"name":"Shaded","section":"Shading Mode"},"sceneLighting":false,"audioPlay":false,"sceneViewState":{"showFog":true,"showMaterialUpdate":false,"showSkybox":false,"showFlares":true,"showImageEffects":true,"showParticleSystems":true},"in2DMode":false,"pivot":{"x":-0.04375404119491577,"y":1.6018024682998658,"z":0.17274165153503419},"rotation":{"x":-0.04095039516687393,"y":0.9590330123901367,"z":0.2026086300611496,"w":0.19415383040905},"size":0.7114059329032898,"orthographic":false}