{"cameraMode":{"drawMode":0,"name":"Shaded","section":"Shading Mode"},"sceneLighting":false,"audioPlay":false,"sceneViewState":{"showFog":true,"showMaterialUpdate":true,"showSkybox":false,"showFlares":true,"showImageEffects":true,"showParticleSystems":true},"in2DMode":false,"pivot":{"x":0.0,"y":0.10515135526657105,"z":-0.09911254793405533},"rotation":{"x":-0.29958781599998476,"y":0.6331315040588379,"z":-0.29201748967170718,"w":-0.6520569324493408},"size":0.5369358658790588,"orthographic":false}