{"cameraMode":{"drawMode":0,"name":"Shaded","section":"Shading Mode"},"sceneLighting":true,"audioPlay":false,"sceneViewState":{"showFog":true,"showMaterialUpdate":true,"showSkybox":false,"showFlares":true,"showImageEffects":true,"showParticleSystems":true},"in2DMode":false,"pivot":{"x":4.198135852813721,"y":2.0522043704986574,"z":2.7887802124023439},"rotation":{"x":0.10122449696063996,"y":0.15765953063964845,"z":0.0160963274538517,"w":-0.9828625917434692},"size":0.6964544057846069,"orthographic":false}