{"cameraMode":{"drawMode":0,"name":"Shaded","section":"Shading Mode"},"sceneLighting":true,"audioPlay":false,"sceneViewState":{"showFog":true,"showMaterialUpdate":true,"showSkybox":true,"showFlares":true,"showImageEffects":true,"showParticleSystems":true},"in2DMode":false,"pivot":{"x":0.7678581476211548,"y":28.847896575927736,"z":-12.377792358398438},"rotation":{"x":0.3147590160369873,"y":-0.5129518508911133,"z":0.21259164810180665,"w":0.7704628109931946},"size":0.9537325501441956,"orthographic":false}