{"cameraMode":{"drawMode":0,"name":"Shaded","section":"Shading Mode"},"sceneLighting":false,"audioPlay":false,"sceneViewState":{"showFog":true,"showMaterialUpdate":false,"showSkybox":false,"showFlares":true,"showImageEffects":true,"showParticleSystems":true},"in2DMode":false,"pivot":{"x":0.8822164535522461,"y":0.13898849487304688,"z":4.389187812805176},"rotation":{"x":0.1822499930858612,"y":-0.474909245967865,"z":0.10120682418346405,"w":0.8550195097923279},"size":3.6413965225219728,"orthographic":false}