{"cameraMode":{"drawMode":0,"name":"Shaded","section":"Shading Mode"},"sceneLighting":false,"audioPlay":false,"sceneViewState":{"showFog":true,"showMaterialUpdate":false,"showSkybox":false,"showFlares":true,"showImageEffects":true,"showParticleSystems":true},"in2DMode":false,"pivot":{"x":-2.5,"y":2.5086894035339357,"z":2.488823890686035},"rotation":{"x":0.18405050039291383,"y":0.7537462711334229,"z":-0.23709067702293397,"w":0.5847984552383423},"size":4.3416032791137699,"orthographic":false}