{"cameraMode":{"drawMode":0,"name":"Shaded","section":"Shading Mode"},"sceneLighting":false,"audioPlay":false,"sceneViewState":{"showFog":true,"showMaterialUpdate":true,"showSkybox":false,"showFlares":true,"showImageEffects":true,"showParticleSystems":true},"in2DMode":false,"pivot":{"x":-0.8472959995269775,"y":3.043874502182007,"z":0.010971307754516602},"rotation":{"x":0.10038647055625916,"y":0.9017401337623596,"z":-0.3180316388607025,"w":0.27609294652938845},"size":1.5886571407318116,"orthographic":false}