{"cameraMode":{"drawMode":0,"name":"Shaded","section":"Shading Mode"},"sceneLighting":false,"audioPlay":false,"sceneViewState":{"showFog":true,"showMaterialUpdate":false,"showSkybox":false,"showFlares":true,"showImageEffects":true,"showParticleSystems":true},"in2DMode":false,"pivot":{"x":-0.04463517665863037,"y":0.92573082447052,"z":0.05763816833496094},"rotation":{"x":0.2833629250526428,"y":0.04426620900630951,"z":-0.010125933215022087,"w":0.958200216293335},"size":2.922683000564575,"orthographic":false}