{"cameraMode":{"drawMode":0,"name":"Shaded","section":"Shading Mode"},"sceneLighting":false,"audioPlay":false,"sceneViewState":{"showFog":true,"showMaterialUpdate":false,"showSkybox":false,"showFlares":true,"showImageEffects":true,"showParticleSystems":true},"in2DMode":false,"pivot":{"x":14.617406845092774,"y":-2.4118564128875734,"z":22.834402084350587},"rotation":{"x":0.052181676030159,"y":0.26976442337036135,"z":-0.011646740138530732,"w":0.9617030620574951},"size":21.62820816040039,"orthographic":false}