{"cameraMode":{"drawMode":0,"name":"Shaded","section":"Shading Mode"},"sceneLighting":false,"audioPlay":false,"sceneViewState":{"showFog":true,"showMaterialUpdate":true,"showSkybox":false,"showFlares":true,"showImageEffects":true,"showParticleSystems":true},"in2DMode":false,"pivot":{"x":-0.20075887441635133,"y":0.10648927092552185,"z":0.0029999762773513796},"rotation":{"x":0.024838753044605256,"y":0.9705725312232971,"z":-0.21974411606788636,"w":0.09873859584331513},"size":1.061528205871582,"orthographic":false}