{"cameraMode":{"drawMode":0,"name":"Shaded","section":"Shading Mode"},"sceneLighting":false,"audioPlay":false,"sceneViewState":{"showFog":true,"showMaterialUpdate":true,"showSkybox":false,"showFlares":true,"showImageEffects":true,"showParticleSystems":true},"in2DMode":false,"pivot":{"x":0.000003814697265625,"y":0.6517902612686157,"z":-0.5000070333480835},"rotation":{"x":0.32887765765190127,"y":-0.09601525217294693,"z":0.03495970740914345,"w":0.9393691420555115},"size":1.146209716796875,"orthographic":false}