{"cameraMode":{"drawMode":0,"name":"Shaded","section":"Shading Mode"},"sceneLighting":false,"audioPlay":false,"sceneViewState":{"showFog":true,"showMaterialUpdate":false,"showSkybox":false,"showFlares":true,"showImageEffects":true,"showParticleSystems":true},"in2DMode":false,"pivot":{"x":0.0027457475662231447,"y":1.0890262126922608,"z":-0.010523438453674317},"rotation":{"x":-0.004546560347080231,"y":0.9895957112312317,"z":0.03236804157495499,"w":0.14070355892181397},"size":1.6987113952636719,"orthographic":false}