{"cameraMode":{"drawMode":0,"name":"Shaded","section":"Shading Mode"},"sceneLighting":false,"audioPlay":false,"sceneViewState":{"showFog":true,"showMaterialUpdate":true,"showSkybox":false,"showFlares":true,"showImageEffects":true,"showParticleSystems":true},"in2DMode":false,"pivot":{"x":-1.3426182270050049,"y":2.2239890098571779,"z":10.692861557006836},"rotation":{"x":0.06568486243486405,"y":-0.8273774981498718,"z":0.10302069038152695,"w":0.5492250323295593},"size":4.054370403289795,"orthographic":false}