{"cameraMode":{"drawMode":0,"name":"Shaded","section":"Shading Mode"},"sceneLighting":false,"audioPlay":false,"sceneViewState":{"showFog":true,"showMaterialUpdate":true,"showSkybox":false,"showFlares":true,"showImageEffects":true,"showParticleSystems":true},"in2DMode":false,"pivot":{"x":0.0,"y":0.4123365879058838,"z":-0.0000026226043701171877},"rotation":{"x":0.13236220180988313,"y":0.8452968001365662,"z":-0.45730698108673098,"w":0.24474696815013886},"size":0.6229088306427002,"orthographic":false}