{"cameraMode":{"drawMode":0,"name":"Shaded","section":"Shading Mode"},"sceneLighting":false,"audioPlay":false,"sceneViewState":{"showFog":true,"showMaterialUpdate":true,"showSkybox":false,"showFlares":true,"showImageEffects":true,"showParticleSystems":true},"in2DMode":false,"pivot":{"x":0.7964041233062744,"y":0.5997298955917358,"z":-0.7801260948181152},"rotation":{"x":0.0637311264872551,"y":0.8133886456489563,"z":-0.08626857399940491,"w":0.5723312497138977},"size":2.3633580207824709,"orthographic":false}