{"cameraMode":{"drawMode":0,"name":"Shaded","section":"Shading Mode"},"sceneLighting":false,"audioPlay":false,"sceneViewState":{"showFog":true,"showMaterialUpdate":true,"showSkybox":false,"showFlares":true,"showImageEffects":true,"showParticleSystems":true},"in2DMode":false,"pivot":{"x":-1.5163826942443848,"y":2.4054996967315676,"z":0.21744495630264283},"rotation":{"x":0.07592546939849854,"y":0.8763366341590881,"z":-0.140030175447464,"w":0.4552406370639801},"size":4.289991855621338,"orthographic":false}