{"cameraMode":{"drawMode":0,"name":"Shaded","section":"Shading Mode"},"sceneLighting":false,"audioPlay":false,"sceneViewState":{"showFog":true,"showMaterialUpdate":true,"showSkybox":false,"showFlares":true,"showImageEffects":true,"showParticleSystems":true},"in2DMode":false,"pivot":{"x":0.0,"y":-1.801436424255371,"z":2.914017677307129},"rotation":{"x":-0.43112048506736758,"y":0.05372397229075432,"z":-0.026699621230363847,"w":-0.9008830189704895},"size":2.510927677154541,"orthographic":false}