{"cameraMode":{"drawMode":0,"name":"Shaded","section":"Shading Mode"},"sceneLighting":false,"audioPlay":false,"sceneViewState":{"showFog":true,"showMaterialUpdate":true,"showSkybox":false,"showFlares":true,"showImageEffects":true,"showParticleSystems":true},"in2DMode":false,"pivot":{"x":-0.16100001335144044,"y":0.01300000213086605,"z":0.0},"rotation":{"x":-0.03579656407237053,"y":0.9511067867279053,"z":-0.2783912420272827,"w":-0.13143229484558106},"size":2.971569299697876,"orthographic":false}