{"cameraMode":{"drawMode":0,"name":"Shaded","section":"Shading Mode"},"sceneLighting":false,"audioPlay":false,"sceneViewState":{"showFog":true,"showMaterialUpdate":false,"showSkybox":false,"showFlares":true,"showImageEffects":true,"showParticleSystems":true},"in2DMode":false,"pivot":{"x":0.00005030632019042969,"y":1.1963475942611695,"z":-0.10365210473537445},"rotation":{"x":0.006792183965444565,"y":0.9647173285484314,"z":-0.2626432478427887,"w":0.024465451017022134},"size":1.6861493587493897,"orthographic":false}