{"cameraMode":{"drawMode":0,"name":"Shaded","section":"Shading Mode"},"sceneLighting":false,"audioPlay":false,"sceneViewState":{"showFog":true,"showMaterialUpdate":false,"showSkybox":false,"showFlares":true,"showImageEffects":true,"showParticleSystems":true},"in2DMode":false,"pivot":{"x":-0.952547013759613,"y":-0.907863974571228,"z":-1.4384851455688477},"rotation":{"x":0.2515358328819275,"y":0.6375922560691834,"z":-0.23238368332386018,"w":0.6901741027832031},"size":3.535705804824829,"orthographic":false}