{"cameraMode":{"drawMode":0,"name":"Shaded","section":"Shading Mode"},"sceneLighting":false,"audioPlay":false,"sceneViewState":{"showFog":true,"showMaterialUpdate":false,"showSkybox":false,"showFlares":true,"showImageEffects":true,"showParticleSystems":true},"in2DMode":false,"pivot":{"x":-0.2884819507598877,"y":-0.3685472011566162,"z":0.0239320807158947},"rotation":{"x":-0.19442963600158692,"y":-0.6839559078216553,"z":-0.19707804918289185,"w":0.674994707107544},"size":1.231997013092041,"orthographic":false}