{"cameraMode":{"drawMode":0,"name":"Shaded","section":"Shading Mode"},"sceneLighting":false,"audioPlay":false,"sceneViewState":{"showFog":true,"showMaterialUpdate":false,"showSkybox":false,"showFlares":true,"showImageEffects":true,"showParticleSystems":true},"in2DMode":false,"pivot":{"x":0.20057961344718934,"y":0.4177742600440979,"z":0.20271964371204377},"rotation":{"x":-0.2518565356731415,"y":-0.5597962737083435,"z":0.18344096839427949,"w":-0.76800137758255},"size":1.7781140804290772,"orthographic":false}