{"cameraMode":{"drawMode":0,"name":"Shaded","section":"Shading Mode"},"sceneLighting":false,"audioPlay":false,"sceneViewState":{"showFog":true,"showMaterialUpdate":false,"showSkybox":false,"showFlares":true,"showImageEffects":true,"showParticleSystems":true},"in2DMode":false,"pivot":{"x":-6.530071258544922,"y":-4.362648010253906,"z":15.990724563598633},"rotation":{"x":0.16834503412246705,"y":-0.2010534405708313,"z":0.03811198100447655,"w":0.9645495414733887},"size":9.58792495727539,"orthographic":false}