{"cameraMode":{"drawMode":0,"name":"Shaded","section":"Shading Mode"},"sceneLighting":false,"audioPlay":false,"sceneViewState":{"showFog":true,"showMaterialUpdate":true,"showSkybox":false,"showFlares":true,"showImageEffects":true,"showParticleSystems":true},"in2DMode":false,"pivot":{"x":-0.4036022424697876,"y":0.05619478225708008,"z":-0.9581949710845947},"rotation":{"x":0.024838753044605256,"y":0.9705725312232971,"z":-0.21974411606788636,"w":0.09873859584331513},"size":2.4366416931152345,"orthographic":false}