{"cameraMode":{"drawMode":0,"name":"Shaded","section":"Shading Mode"},"sceneLighting":false,"audioPlay":false,"sceneViewState":{"showFog":true,"showMaterialUpdate":false,"showSkybox":false,"showFlares":true,"showImageEffects":true,"showParticleSystems":true},"in2DMode":false,"pivot":{"x":-0.34504398703575137,"y":0.2940099537372589,"z":-0.11005702614784241},"rotation":{"x":0.06947460025548935,"y":-0.7365025877952576,"z":0.07647693157196045,"w":0.6686018109321594},"size":0.6274384260177612,"orthographic":false}