{"cameraMode":{"drawMode":0,"name":"Shaded","section":"Shading Mode"},"sceneLighting":false,"audioPlay":false,"sceneViewState":{"showFog":true,"showMaterialUpdate":true,"showSkybox":false,"showFlares":true,"showImageEffects":true,"showParticleSystems":true},"in2DMode":false,"pivot":{"x":-0.2095954269170761,"y":0.8771795630455017,"z":0.2652927339076996},"rotation":{"x":-0.089179627597332,"y":0.8824502229690552,"z":-0.18683074414730073,"w":-0.422739714384079},"size":1.3301916122436524,"orthographic":false}