{"cameraMode":{"drawMode":0,"name":"Shaded","section":"Shading Mode"},"sceneLighting":false,"audioPlay":false,"sceneViewState":{"showFog":true,"showMaterialUpdate":false,"showSkybox":false,"showFlares":true,"showImageEffects":true,"showParticleSystems":true},"in2DMode":false,"pivot":{"x":-2.5044374465942385,"y":-2.5002660751342775,"z":1.3134188652038575},"rotation":{"x":0.05852174013853073,"y":0.7054932117462158,"z":-0.05846911668777466,"w":0.704021692276001},"size":2.9778482913970949,"orthographic":false}