{"cameraMode":{"drawMode":0,"name":"Shaded","section":"Shading Mode"},"sceneLighting":false,"audioPlay":false,"sceneViewState":{"showFog":true,"showMaterialUpdate":true,"showSkybox":false,"showFlares":true,"showImageEffects":true,"showParticleSystems":true},"in2DMode":false,"pivot":{"x":-0.5034565925598145,"y":-0.5987234711647034,"z":-0.1590353399515152},"rotation":{"x":-0.27540597319602969,"y":0.7002899646759033,"z":-0.34369957447052,"w":-0.5620712041854858},"size":1.6526939868927003,"orthographic":false}