{"cameraMode":{"drawMode":0,"name":"Shaded","section":"Shading Mode"},"sceneLighting":false,"audioPlay":false,"sceneViewState":{"showFog":true,"showMaterialUpdate":false,"showSkybox":false,"showFlares":true,"showImageEffects":true,"showParticleSystems":true},"in2DMode":false,"pivot":{"x":15.517621040344239,"y":0.7605287432670593,"z":14.958673477172852},"rotation":{"x":0.11075562238693237,"y":0.07594748586416245,"z":-0.008488002233207226,"w":0.9909085631370544},"size":3.1170263290405275,"orthographic":false}