{"cameraMode":{"drawMode":0,"name":"Shaded","section":"Shading Mode"},"sceneLighting":false,"audioPlay":false,"sceneViewState":{"showFog":true,"showMaterialUpdate":false,"showSkybox":false,"showFlares":true,"showImageEffects":true,"showParticleSystems":true},"in2DMode":false,"pivot":{"x":-0.5852651596069336,"y":-0.3893294930458069,"z":1.3863881826400757},"rotation":{"x":-0.17876073718070985,"y":-0.07901504635810852,"z":0.014405510388314724,"w":-0.9806344509124756},"size":1.8350270986557007,"orthographic":false}