{"cameraMode":{"drawMode":0,"name":"Shaded","section":"Shading Mode"},"sceneLighting":true,"audioPlay":false,"sceneViewState":{"showFog":true,"showMaterialUpdate":true,"showSkybox":false,"showFlares":true,"showImageEffects":true,"showParticleSystems":true},"in2DMode":false,"pivot":{"x":7.013860702514648,"y":-31.159420013427736,"z":-10.229734420776368},"rotation":{"x":-0.127920001745224,"y":-0.8416062593460083,"z":0.4728112518787384,"w":-0.22803550958633424},"size":22.209535598754884,"orthographic":false}