{"cameraMode":{"drawMode":0,"name":"Shaded","section":"Shading Mode"},"sceneLighting":false,"audioPlay":false,"sceneViewState":{"showFog":true,"showMaterialUpdate":false,"showSkybox":false,"showFlares":true,"showImageEffects":true,"showParticleSystems":true},"in2DMode":false,"pivot":{"x":1.1657112836837769,"y":2.8999390602111818,"z":0.4886784553527832},"rotation":{"x":0.05417551472783089,"y":-0.9178509712219238,"z":0.13448962569236756,"w":0.3695735037326813},"size":2.3211565017700197,"orthographic":false}