{"cameraMode":{"drawMode":0,"name":"Shaded","section":"Shading Mode"},"sceneLighting":true,"audioPlay":false,"sceneViewState":{"showFog":true,"showMaterialUpdate":true,"showSkybox":true,"showFlares":true,"showImageEffects":true,"showParticleSystems":true},"in2DMode":false,"pivot":{"x":-2.2930383682250978,"y":2.231870412826538,"z":5.9564385414123539},"rotation":{"x":-0.17177511751651765,"y":-0.5565904974937439,"z":0.11723432689905167,"w":-0.8048916459083557},"size":0.9537325501441956,"orthographic":false}