{"cameraMode":{"drawMode":0,"name":"Shaded","section":"Shading Mode"},"sceneLighting":true,"audioPlay":false,"sceneViewState":{"showFog":true,"showMaterialUpdate":false,"showSkybox":false,"showFlares":true,"showImageEffects":true,"showParticleSystems":true},"in2DMode":false,"pivot":{"x":3.3725521564483644,"y":1.6183185577392579,"z":-0.1963694989681244},"rotation":{"x":0.16414232552051545,"y":0.7467498183250427,"z":-0.1946941465139389,"w":0.6148859858512878},"size":19.447734832763673,"orthographic":false}