{"cameraMode":{"drawMode":0,"name":"Shaded","section":"Shading Mode"},"sceneLighting":false,"audioPlay":false,"sceneViewState":{"showFog":true,"showMaterialUpdate":true,"showSkybox":false,"showFlares":true,"showImageEffects":true,"showParticleSystems":true},"in2DMode":false,"pivot":{"x":0.788066565990448,"y":0.8376964926719666,"z":4.190976619720459},"rotation":{"x":0.0015193268191069365,"y":0.9853258728981018,"z":0.007348224520683289,"w":-0.17135778069496156},"size":0.31725841760635378,"orthographic":false}