{"cameraMode":{"drawMode":0,"name":"Shaded","section":"Shading Mode"},"sceneLighting":false,"audioPlay":false,"sceneViewState":{"showFog":true,"showMaterialUpdate":true,"showSkybox":false,"showFlares":true,"showImageEffects":true,"showParticleSystems":true},"in2DMode":false,"pivot":{"x":0.002429753541946411,"y":2.5328369140625,"z":1.471500039100647},"rotation":{"x":0.014171411283314228,"y":0.9882370829582214,"z":-0.12733124196529389,"w":0.08689667284488678},"size":2.5417532920837404,"orthographic":false}