{"cameraMode":{"drawMode":0,"name":"Shaded","section":"Shading Mode"},"sceneLighting":false,"audioPlay":false,"sceneViewState":{"showFog":true,"showMaterialUpdate":true,"showSkybox":false,"showFlares":true,"showImageEffects":true,"showParticleSystems":true},"in2DMode":false,"pivot":{"x":0.0,"y":1.2841567993164063,"z":-5.960464477539063e-8},"rotation":{"x":0.02013293281197548,"y":-0.056093696504831317,"z":-0.0002753848093561828,"w":-0.9988638162612915},"size":2.0616304874420168,"orthographic":false}