{"cameraMode":{"drawMode":0,"name":"Shaded","section":"Shading Mode"},"sceneLighting":true,"audioPlay":false,"sceneViewState":{"showFog":true,"showMaterialUpdate":false,"showSkybox":true,"showFlares":true,"showImageEffects":true,"showParticleSystems":true},"in2DMode":false,"pivot":{"x":-11.752671241760254,"y":-1.6441082954406739,"z":-0.274428129196167},"rotation":{"x":0.11751139909029007,"y":-0.7156964540481567,"z":0.12843221426010133,"w":0.6767822504043579},"size":7.040828227996826,"orthographic":false}