{"cameraMode":{"drawMode":0,"name":"Shaded","section":"Shading Mode"},"sceneLighting":false,"audioPlay":false,"sceneViewState":{"showFog":true,"showMaterialUpdate":false,"showSkybox":false,"showFlares":true,"showImageEffects":true,"showParticleSystems":true},"in2DMode":false,"pivot":{"x":-2.637148141860962,"y":3.1185150146484377,"z":2.373594284057617},"rotation":{"x":-0.011902532540261746,"y":0.980524480342865,"z":-0.18107211589813233,"w":-0.07899366319179535},"size":1.3029544353485108,"orthographic":false}