{"cameraMode":{"drawMode":0,"name":"Shaded","section":"Shading Mode"},"sceneLighting":false,"audioPlay":false,"sceneViewState":{"showFog":true,"showMaterialUpdate":false,"showSkybox":false,"showFlares":true,"showImageEffects":true,"showParticleSystems":true},"in2DMode":false,"pivot":{"x":-0.00032806396484375,"y":2.1987953186035158,"z":0.06111109256744385},"rotation":{"x":-0.019046887755393983,"y":0.9809520840644836,"z":0.14043627679347993,"w":0.13348139822483064},"size":4.5346598625183109,"orthographic":false}