{"cameraMode":{"drawMode":0,"name":"Shaded","section":"Shading Mode"},"sceneLighting":false,"audioPlay":false,"sceneViewState":{"showFog":true,"showMaterialUpdate":false,"showSkybox":false,"showFlares":true,"showImageEffects":true,"showParticleSystems":true},"in2DMode":false,"pivot":{"x":0.000002384185791015625,"y":0.20731978118419648,"z":-0.0000019073486328125},"rotation":{"x":0.1440373659133911,"y":-0.7344022393226624,"z":0.16460007429122926,"w":0.6425482034683228},"size":1.3864388465881348,"orthographic":false}