{"cameraMode":{"drawMode":0,"name":"Shaded","section":"Shading Mode"},"sceneLighting":false,"audioPlay":false,"sceneViewState":{"showFog":true,"showMaterialUpdate":false,"showSkybox":false,"showFlares":true,"showImageEffects":true,"showParticleSystems":true},"in2DMode":false,"pivot":{"x":0.0,"y":0.5377352833747864,"z":-1.1920928955078126e-7},"rotation":{"x":0.05852174013853073,"y":0.7054932117462158,"z":-0.05846911668777466,"w":0.704021692276001},"size":0.8686008453369141,"orthographic":false}