{"cameraMode":{"drawMode":0,"name":"Shaded","section":"Shading Mode"},"sceneLighting":false,"audioPlay":false,"sceneViewState":{"showFog":true,"showMaterialUpdate":false,"showSkybox":false,"showFlares":true,"showImageEffects":true,"showParticleSystems":true},"in2DMode":false,"pivot":{"x":0.00006794929504394531,"y":1.1944670677185059,"z":-0.09618717432022095},"rotation":{"x":0.006792183965444565,"y":0.9647173285484314,"z":-0.2626432478427887,"w":0.024465451017022134},"size":1.69916832447052,"orthographic":false}