{"cameraMode":{"drawMode":0,"name":"Shaded","section":"Shading Mode"},"sceneLighting":false,"audioPlay":false,"sceneViewState":{"showFog":true,"showMaterialUpdate":true,"showSkybox":false,"showFlares":true,"showImageEffects":true,"showParticleSystems":true},"in2DMode":false,"pivot":{"x":-1.4901161193847657e-8,"y":0.15454959869384767,"z":0.0},"rotation":{"x":0.027287906035780908,"y":0.9478368163108826,"z":-0.0740254744887352,"w":0.3097648024559021},"size":0.2007671594619751,"orthographic":false}