{"cameraMode":{"drawMode":0,"name":"Shaded","section":"Shading Mode"},"sceneLighting":false,"audioPlay":false,"sceneViewState":{"showFog":true,"showMaterialUpdate":false,"showSkybox":false,"showFlares":true,"showImageEffects":true,"showParticleSystems":true},"in2DMode":false,"pivot":{"x":0.0000010132789611816407,"y":0.4283185601234436,"z":0.0000028908252716064455},"rotation":{"x":-0.013379866257309914,"y":-0.9866809248924255,"z":0.11897259950637818,"w":-0.11085788905620575},"size":0.8278979659080505,"orthographic":false}