{"cameraMode":{"drawMode":0,"name":"Shaded","section":"Shading Mode"},"sceneLighting":false,"audioPlay":false,"sceneViewState":{"showFog":true,"showMaterialUpdate":false,"showSkybox":false,"showFlares":true,"showImageEffects":true,"showParticleSystems":true},"in2DMode":false,"pivot":{"x":-9.7601957321167,"y":-3.4095144271850588,"z":1.484892725944519},"rotation":{"x":0.12946343421936036,"y":-0.6531349420547485,"z":0.11856614798307419,"w":0.7369547486305237},"size":6.062177658081055,"orthographic":false}