{"cameraMode":{"drawMode":0,"name":"Shaded","section":"Shading Mode"},"sceneLighting":false,"audioPlay":false,"sceneViewState":{"showFog":true,"showMaterialUpdate":true,"showSkybox":false,"showFlares":true,"showImageEffects":true,"showParticleSystems":true},"in2DMode":false,"pivot":{"x":-2.5044374465942385,"y":-2.493645668029785,"z":2.517530918121338},"rotation":{"x":0.11952818185091019,"y":0.8810510635375977,"z":-0.32198578119277956,"w":0.3269018232822418},"size":3.6686832904815676,"orthographic":false}