{"cameraMode":{"drawMode":0,"name":"Shaded","section":"Shading Mode"},"sceneLighting":false,"audioPlay":false,"sceneViewState":{"showFog":true,"showMaterialUpdate":false,"showSkybox":false,"showFlares":true,"showImageEffects":true,"showParticleSystems":true},"in2DMode":false,"pivot":{"x":-0.40242046117782595,"y":2.7850143909454347,"z":-4.249824523925781},"rotation":{"x":0.2847999036312103,"y":0.04425095394253731,"z":-0.010192387737333775,"w":0.9577741026878357},"size":0.000017320508050033823,"orthographic":false}