{"cameraMode":{"drawMode":0,"name":"Shaded","section":"Shading Mode"},"sceneLighting":false,"audioPlay":false,"sceneViewState":{"showFog":true,"showMaterialUpdate":true,"showSkybox":false,"showFlares":true,"showImageEffects":true,"showParticleSystems":true},"in2DMode":false,"pivot":{"x":-0.0003059655427932739,"y":0.14169283211231233,"z":-0.06889425218105316},"rotation":{"x":-0.29395586252212527,"y":0.6626675724983215,"z":-0.3201773762702942,"w":-0.6107450127601624},"size":0.19918571412563325,"orthographic":false}