{"cameraMode":{"drawMode":0,"name":"Shaded","section":"Shading Mode"},"sceneLighting":false,"audioPlay":false,"sceneViewState":{"showFog":true,"showMaterialUpdate":true,"showSkybox":false,"showFlares":true,"showImageEffects":true,"showParticleSystems":true},"in2DMode":false,"pivot":{"x":2.384185791015625e-7,"y":0.5354916453361511,"z":0.0000019073486328125},"rotation":{"x":0.44967660307884219,"y":0.1806996762752533,"z":-0.09104064851999283,"w":0.8705133199691773},"size":0.9274975657463074,"orthographic":false}