{"cameraMode":{"drawMode":0,"name":"Shaded","section":"Shading Mode"},"sceneLighting":false,"audioPlay":false,"sceneViewState":{"showFog":true,"showMaterialUpdate":true,"showSkybox":false,"showFlares":true,"showImageEffects":true,"showParticleSystems":true},"in2DMode":false,"pivot":{"x":-0.026394963264465333,"y":0.594823956489563,"z":-0.02786874771118164},"rotation":{"x":0.014961624518036843,"y":-0.9680752754211426,"z":0.07135677337646485,"w":0.2411762923002243},"size":1.2862708568572999,"orthographic":false}