{"cameraMode":{"drawMode":0,"name":"Shaded","section":"Shading Mode"},"sceneLighting":false,"audioPlay":false,"sceneViewState":{"showFog":true,"showMaterialUpdate":false,"showSkybox":false,"showFlares":true,"showImageEffects":true,"showParticleSystems":true},"in2DMode":false,"pivot":{"x":0.013372838497161866,"y":0.10707539319992066,"z":1.1729212999343873},"rotation":{"x":-0.16564103960990907,"y":0.3345995247364044,"z":-0.059757862240076068,"w":-0.9258476495742798},"size":1.3327339887619019,"orthographic":false}