{"cameraMode":{"drawMode":0,"name":"Shaded","section":"Shading Mode"},"sceneLighting":false,"audioPlay":false,"sceneViewState":{"showFog":true,"showMaterialUpdate":true,"showSkybox":false,"showFlares":true,"showImageEffects":true,"showParticleSystems":true},"in2DMode":false,"pivot":{"x":0.0006152689456939697,"y":-0.0033295899629592897,"z":0.006465435028076172},"rotation":{"x":0.01809471845626831,"y":0.5171897411346436,"z":0.010660607367753983,"w":-0.8557793498039246},"size":0.1473059058189392,"orthographic":false}