{"cameraMode":{"drawMode":0,"name":"Shaded","section":"Shading Mode"},"sceneLighting":false,"audioPlay":false,"sceneViewState":{"showFog":true,"showMaterialUpdate":true,"showSkybox":false,"showFlares":true,"showImageEffects":true,"showParticleSystems":true},"in2DMode":false,"pivot":{"x":-0.21121561527252198,"y":0.493796706199646,"z":0.3885153532028198},"rotation":{"x":-0.10462652891874314,"y":0.8202698826789856,"z":-0.1596166342496872,"w":-0.5394625663757324},"size":1.2862708568572999,"orthographic":false}