{"cameraMode":{"drawMode":0,"name":"Shaded","section":"Shading Mode"},"sceneLighting":false,"audioPlay":false,"sceneViewState":{"showFog":true,"showMaterialUpdate":true,"showSkybox":false,"showFlares":true,"showImageEffects":true,"showParticleSystems":true},"in2DMode":false,"pivot":{"x":-0.007791250944137573,"y":0.35890674591064455,"z":-0.0017004013061523438},"rotation":{"x":0.03148406744003296,"y":0.9312989711761475,"z":-0.3560461401939392,"w":0.07416647672653198},"size":1.2080384492874146,"orthographic":false}