{"cameraMode":{"drawMode":0,"name":"Shaded","section":"Shading Mode"},"sceneLighting":false,"audioPlay":false,"sceneViewState":{"showFog":true,"showMaterialUpdate":false,"showSkybox":false,"showFlares":true,"showImageEffects":true,"showParticleSystems":true},"in2DMode":false,"pivot":{"x":-1.2498359680175782,"y":0.024953752756118776,"z":1.25005304813385},"rotation":{"x":-0.35827356576919558,"y":0.13983508944511414,"z":-0.05436251312494278,"w":-0.921493411064148},"size":1.7680995464324952,"orthographic":false}