{"cameraMode":{"drawMode":0,"name":"Shaded","section":"Shading Mode"},"sceneLighting":false,"audioPlay":false,"sceneViewState":{"showFog":true,"showMaterialUpdate":true,"showSkybox":false,"showFlares":true,"showImageEffects":true,"showParticleSystems":true},"in2DMode":false,"pivot":{"x":-0.8000184297561646,"y":-1.490073800086975,"z":1.503598690032959},"rotation":{"x":0.0025364914909005167,"y":0.984107494354248,"z":-0.008075600489974022,"w":0.18045948445796967},"size":0.47819602489471438,"orthographic":false}