{"cameraMode":{"drawMode":0,"name":"Shaded","section":"Shading Mode"},"sceneLighting":false,"audioPlay":false,"sceneViewState":{"showFog":true,"showMaterialUpdate":false,"showSkybox":false,"showFlares":true,"showImageEffects":true,"showParticleSystems":true},"in2DMode":false,"pivot":{"x":-0.7053252458572388,"y":2.148253917694092,"z":-1.7086472511291505},"rotation":{"x":-0.0030769002623856069,"y":0.9779618978500366,"z":-0.20844389498233796,"w":-0.014372692443430424},"size":3.7140090465545656,"orthographic":false}