{"cameraMode":{"drawMode":0,"name":"Shaded","section":"Shading Mode"},"sceneLighting":false,"audioPlay":false,"sceneViewState":{"showFog":true,"showMaterialUpdate":false,"showSkybox":false,"showFlares":true,"showImageEffects":true,"showParticleSystems":true},"in2DMode":false,"pivot":{"x":0.09804415702819824,"y":0.2110278606414795,"z":2.5476930141448976},"rotation":{"x":0.08628807961940766,"y":0.9159485697746277,"z":0.29824092984199526,"w":-0.25521302223205569},"size":2.6842660903930666,"orthographic":false}