{"cameraMode":{"drawMode":0,"name":"Shaded","section":"Shading Mode"},"sceneLighting":false,"audioPlay":false,"sceneViewState":{"showFog":true,"showMaterialUpdate":false,"showSkybox":false,"showFlares":true,"showImageEffects":true,"showParticleSystems":true},"in2DMode":false,"pivot":{"x":-0.14978408813476563,"y":-0.019884109497070314,"z":-0.21131324768066407},"rotation":{"x":0.28195419907569888,"y":0.041405290365219119,"z":-0.00921364314854145,"w":0.9587526321411133},"size":7.267544746398926,"orthographic":false}