{"cameraMode":{"drawMode":0,"name":"Shaded","section":"Shading Mode"},"sceneLighting":true,"audioPlay":false,"sceneViewState":{"showFog":true,"showMaterialUpdate":false,"showSkybox":false,"showFlares":true,"showImageEffects":true,"showParticleSystems":true},"in2DMode":false,"pivot":{"x":-0.3217078745365143,"y":-7.743405342102051,"z":-20.264678955078126},"rotation":{"x":-0.007899907417595387,"y":0.9641546010971069,"z":-0.2632305324077606,"w":-0.04021706059575081},"size":12.602546691894532,"orthographic":false}