{"cameraMode":{"drawMode":0,"name":"Shaded","section":"Shading Mode"},"sceneLighting":false,"audioPlay":false,"sceneViewState":{"showFog":true,"showMaterialUpdate":true,"showSkybox":false,"showFlares":true,"showImageEffects":true,"showParticleSystems":true},"in2DMode":false,"pivot":{"x":-1.0086450576782227,"y":0.45481133460998537,"z":-0.8171949982643127},"rotation":{"x":-0.1695152223110199,"y":0.7512931823730469,"z":-0.2164352387189865,"w":-0.6005308032035828},"size":3.7274577617645265,"orthographic":false}