{"cameraMode":{"drawMode":0,"name":"Shaded","section":"Shading Mode"},"sceneLighting":false,"audioPlay":false,"sceneViewState":{"showFog":true,"showMaterialUpdate":false,"showSkybox":false,"showFlares":true,"showImageEffects":true,"showParticleSystems":true},"in2DMode":false,"pivot":{"x":0.16033649444580079,"y":1.8790287971496583,"z":0.05103874206542969},"rotation":{"x":0.2847999036312103,"y":0.04425095394253731,"z":-0.010192387737333775,"w":0.9577741026878357},"size":7.886366844177246,"orthographic":false}