{"cameraMode":{"drawMode":0,"name":"Shaded","section":"Shading Mode"},"sceneLighting":false,"audioPlay":false,"sceneViewState":{"showFog":true,"showMaterialUpdate":true,"showSkybox":false,"showFlares":true,"showImageEffects":true,"showParticleSystems":true},"in2DMode":false,"pivot":{"x":6.375190734863281,"y":10.468351364135743,"z":42.13642120361328},"rotation":{"x":-0.004287757445126772,"y":0.9031711220741272,"z":-0.008920964784920216,"w":-0.4293001592159271},"size":-5.805649280548096,"orthographic":false}