{"cameraMode":{"drawMode":0,"name":"Shaded","section":"Shading Mode"},"sceneLighting":false,"audioPlay":false,"sceneViewState":{"showFog":true,"showMaterialUpdate":false,"showSkybox":false,"showFlares":true,"showImageEffects":true,"showParticleSystems":true},"in2DMode":false,"pivot":{"x":-5.274878978729248,"y":0.7445690035820007,"z":6.600031852722168},"rotation":{"x":0.44323110580444338,"y":0.08777622133493424,"z":0.04016142338514328,"w":-0.8914676308631897},"size":7.098948955535889,"orthographic":false}