{"cameraMode":{"drawMode":0,"name":"Shaded","section":"Shading Mode"},"sceneLighting":true,"audioPlay":false,"sceneViewState":{"showFog":true,"showMaterialUpdate":true,"showSkybox":false,"showFlares":true,"showImageEffects":true,"showParticleSystems":true},"in2DMode":false,"pivot":{"x":8.15083122253418,"y":-5.100523948669434,"z":10.140807151794434},"rotation":{"x":0.17865414917469026,"y":0.26379328966140749,"z":-0.051591914147138599,"w":0.9472601413726807},"size":35.523536682128909,"orthographic":false}