{"cameraMode":{"drawMode":0,"name":"Shaded","section":"Shading Mode"},"sceneLighting":false,"audioPlay":false,"sceneViewState":{"showFog":true,"showMaterialUpdate":false,"showSkybox":false,"showFlares":true,"showImageEffects":true,"showParticleSystems":true},"in2DMode":false,"pivot":{"x":-3.205874443054199,"y":1.800881266593933,"z":-2.4685845375061037},"rotation":{"x":0.03465217724442482,"y":0.9634422063827515,"z":-0.2177676409482956,"w":0.15285760164260865},"size":4.031813144683838,"orthographic":false}