{"cameraMode":{"drawMode":0,"name":"Shaded","section":"Shading Mode"},"sceneLighting":true,"audioPlay":false,"sceneViewState":{"showFog":true,"showMaterialUpdate":true,"showSkybox":false,"showFlares":true,"showImageEffects":true,"showParticleSystems":true},"in2DMode":false,"pivot":{"x":-7.146853446960449,"y":0.7784483432769775,"z":10.381937026977539},"rotation":{"x":0.052328407764434817,"y":-0.8351267576217651,"z":0.080691397190094,"w":0.541792631149292},"size":238.39743041992188,"orthographic":false}