{"cameraMode":{"drawMode":0,"name":"Shaded","section":"Shading Mode"},"sceneLighting":false,"audioPlay":false,"sceneViewState":{"showFog":true,"showMaterialUpdate":false,"showSkybox":false,"showFlares":true,"showImageEffects":true,"showParticleSystems":true},"in2DMode":false,"pivot":{"x":-7.064327716827393,"y":-1.550826072692871,"z":11.886370658874512},"rotation":{"x":0.15054774284362794,"y":-0.39070576429367068,"z":0.06802933663129807,"w":0.9058494567871094},"size":10.229247093200684,"orthographic":false}