{"cameraMode":{"drawMode":0,"name":"Shaded","section":"Shading Mode"},"sceneLighting":false,"audioPlay":false,"sceneViewState":{"showFog":true,"showMaterialUpdate":true,"showSkybox":false,"showFlares":true,"showImageEffects":true,"showParticleSystems":true},"in2DMode":false,"pivot":{"x":-5.960464477539063e-8,"y":0.8772795796394348,"z":0.1131385862827301},"rotation":{"x":0.09364251792430878,"y":0.8975261449813843,"z":-0.21793720126152039,"w":0.3724997639656067},"size":1.032568335533142,"orthographic":false}