{"cameraMode":{"drawMode":0,"name":"Shaded","section":"Shading Mode"},"sceneLighting":true,"audioPlay":false,"sceneViewState":{"showFog":true,"showMaterialUpdate":true,"showSkybox":true,"showFlares":true,"showImageEffects":true,"showParticleSystems":true},"in2DMode":false,"pivot":{"x":7.3228349685668949,"y":-6.867088317871094,"z":6.372241973876953},"rotation":{"x":0.49952468276023867,"y":0.19495445489883424,"z":-0.11541084200143814,"w":0.836979329586029},"size":10.069416046142579,"orthographic":false}