{"cameraMode":{"drawMode":0,"name":"Shaded","section":"Shading Mode"},"sceneLighting":true,"audioPlay":false,"sceneViewState":{"showFog":true,"showMaterialUpdate":true,"showSkybox":false,"showFlares":true,"showImageEffects":true,"showParticleSystems":true},"in2DMode":false,"pivot":{"x":-4.700204849243164,"y":-37.57081604003906,"z":7.136692047119141},"rotation":{"x":0.006969904992729425,"y":-0.7274146676063538,"z":0.6862808465957642,"w":0.007159251719713211},"size":22.209535598754884,"orthographic":false}