{"cameraMode":{"drawMode":0,"name":"Shaded","section":"Shading Mode"},"sceneLighting":false,"audioPlay":false,"sceneViewState":{"showFog":true,"showMaterialUpdate":true,"showSkybox":false,"showFlares":true,"showImageEffects":true,"showParticleSystems":true},"in2DMode":false,"pivot":{"x":-0.3987428843975067,"y":0.6442034840583801,"z":0.4741259515285492},"rotation":{"x":-0.10311232507228852,"y":0.8424299359321594,"z":-0.17441950738430024,"w":-0.4995466470718384},"size":1.2862708568572999,"orthographic":false}