{"cameraMode":{"drawMode":0,"name":"Shaded","section":"Shading Mode"},"sceneLighting":false,"audioPlay":false,"sceneViewState":{"showFog":true,"showMaterialUpdate":false,"showSkybox":false,"showFlares":true,"showImageEffects":true,"showParticleSystems":true},"in2DMode":false,"pivot":{"x":5.960464477539063e-8,"y":0.9514830112457275,"z":0.26178744435310366},"rotation":{"x":0.006792183965444565,"y":0.9647173285484314,"z":-0.2626432478427887,"w":0.024465451017022134},"size":1.7940951585769654,"orthographic":false}