{"cameraMode":{"drawMode":0,"name":"Shaded","section":"Shading Mode"},"sceneLighting":false,"audioPlay":false,"sceneViewState":{"showFog":true,"showMaterialUpdate":false,"showSkybox":false,"showFlares":true,"showImageEffects":true,"showParticleSystems":true},"in2DMode":false,"pivot":{"x":-0.3318064212799072,"y":1.2223316431045533,"z":0.17011834681034089},"rotation":{"x":-0.025027213618159295,"y":0.9677226543426514,"z":-0.12413244694471359,"w":-0.21920925378799439},"size":1.468955159187317,"orthographic":false}