{"cameraMode":{"drawMode":0,"name":"Shaded","section":"Shading Mode"},"sceneLighting":false,"audioPlay":false,"sceneViewState":{"showFog":true,"showMaterialUpdate":false,"showSkybox":false,"showFlares":true,"showImageEffects":true,"showParticleSystems":true},"in2DMode":false,"pivot":{"x":-1.2186050415039063,"y":2.551109790802002,"z":0.0647268295288086},"rotation":{"x":0.18405050039291383,"y":0.7537462711334229,"z":-0.23709067702293397,"w":0.5847984552383423},"size":2.8880021572113039,"orthographic":false}