{"cameraMode":{"drawMode":0,"name":"Shaded","section":"Shading Mode"},"sceneLighting":false,"audioPlay":false,"sceneViewState":{"showFog":true,"showMaterialUpdate":true,"showSkybox":false,"showFlares":true,"showImageEffects":true,"showParticleSystems":true},"in2DMode":false,"pivot":{"x":-3.458951473236084,"y":2.648388385772705,"z":2.9095377922058107},"rotation":{"x":0.027287906035780908,"y":0.9478368163108826,"z":-0.0740254744887352,"w":0.3097648024559021},"size":0.2499178797006607,"orthographic":false}