{"cameraMode":{"drawMode":0,"name":"Shaded","section":"Shading Mode"},"sceneLighting":true,"audioPlay":false,"sceneViewState":{"showFog":true,"showMaterialUpdate":true,"showSkybox":true,"showFlares":true,"showImageEffects":true,"showParticleSystems":true},"in2DMode":false,"pivot":{"x":11.053625106811524,"y":-5.041830539703369,"z":9.368034362792969},"rotation":{"x":-0.1648930460214615,"y":-0.7388085722923279,"z":0.19475556910037995,"w":-0.6239623427391052},"size":8.289892196655274,"orthographic":false}