{"cameraMode":{"drawMode":0,"name":"Shaded","section":"Shading Mode"},"sceneLighting":false,"audioPlay":false,"sceneViewState":{"showFog":true,"showMaterialUpdate":false,"showSkybox":false,"showFlares":true,"showImageEffects":true,"showParticleSystems":true},"in2DMode":false,"pivot":{"x":-0.6255801916122437,"y":1.2278419733047486,"z":0.0},"rotation":{"x":0.03465217724442482,"y":0.9634422063827515,"z":-0.2177676409482956,"w":0.15285760164260865},"size":1.397912859916687,"orthographic":false}