{"cameraMode":{"drawMode":0,"name":"Shaded","section":"Shading Mode"},"sceneLighting":false,"audioPlay":false,"sceneViewState":{"showFog":true,"showMaterialUpdate":false,"showSkybox":false,"showFlares":true,"showImageEffects":true,"showParticleSystems":true},"in2DMode":false,"pivot":{"x":2.9802322387695315e-8,"y":0.5534911155700684,"z":0.0},"rotation":{"x":-0.12334303557872772,"y":0.8519372344017029,"z":-0.23161694407463075,"w":-0.45331910252571108},"size":0.6798190474510193,"orthographic":false}