{"cameraMode":{"drawMode":0,"name":"Shaded","section":"Shading Mode"},"sceneLighting":false,"audioPlay":false,"sceneViewState":{"showFog":true,"showMaterialUpdate":false,"showSkybox":false,"showFlares":true,"showImageEffects":true,"showParticleSystems":true},"in2DMode":false,"pivot":{"x":0.000050187110900878906,"y":1.2004424333572388,"z":-0.10043258965015412},"rotation":{"x":0.006792183965444565,"y":0.9647173285484314,"z":-0.2626432478427887,"w":0.024465451017022134},"size":1.6835757493972779,"orthographic":false}