{"cameraMode":{"drawMode":0,"name":"Shaded","section":"Shading Mode"},"sceneLighting":true,"audioPlay":false,"sceneViewState":{"showFog":true,"showMaterialUpdate":true,"showSkybox":true,"showFlares":true,"showImageEffects":true,"showParticleSystems":true},"in2DMode":false,"pivot":{"x":-12.577629089355469,"y":7.5154571533203129,"z":-15.459336280822754},"rotation":{"x":0.09382004290819168,"y":-0.8964563012123108,"z":0.22899866104125977,"w":0.3694620132446289},"size":14.527823448181153,"orthographic":false}