{"cameraMode":{"drawMode":0,"name":"Shaded","section":"Shading Mode"},"sceneLighting":false,"audioPlay":false,"sceneViewState":{"showFog":true,"showMaterialUpdate":false,"showSkybox":false,"showFlares":true,"showImageEffects":true,"showParticleSystems":true},"in2DMode":false,"pivot":{"x":-1.0609937906265259,"y":1.1870641708374024,"z":-0.11222831904888153},"rotation":{"x":-0.021966760978102685,"y":0.9167583584785461,"z":-0.05845630168914795,"w":-0.3952568769454956},"size":1.468955159187317,"orthographic":false}