{"cameraMode":{"drawMode":0,"name":"Shaded","section":"Shading Mode"},"sceneLighting":false,"audioPlay":false,"sceneViewState":{"showFog":true,"showMaterialUpdate":true,"showSkybox":false,"showFlares":true,"showImageEffects":true,"showParticleSystems":true},"in2DMode":false,"pivot":{"x":-0.4095875024795532,"y":4.408924102783203,"z":1.4119739532470704},"rotation":{"x":0.0008722374914214015,"y":0.9987260699272156,"z":-0.021294554695487024,"w":0.047896578907966617},"size":7.286631107330322,"orthographic":false}