{"cameraMode":{"drawMode":0,"name":"Shaded","section":"Shading Mode"},"sceneLighting":true,"audioPlay":false,"sceneViewState":{"showFog":true,"showMaterialUpdate":true,"showSkybox":false,"showFlares":true,"showImageEffects":true,"showParticleSystems":true},"in2DMode":false,"pivot":{"x":-4.600931644439697,"y":-8.254037857055664,"z":11.330880165100098},"rotation":{"x":0.3510318398475647,"y":-0.29936596751213076,"z":0.11939752101898194,"w":0.879260241985321},"size":7.681522846221924,"orthographic":false}