{"cameraMode":{"drawMode":0,"name":"Shaded","section":"Shading Mode"},"sceneLighting":false,"audioPlay":false,"sceneViewState":{"showFog":true,"showMaterialUpdate":false,"showSkybox":false,"showFlares":true,"showImageEffects":true,"showParticleSystems":true},"in2DMode":false,"pivot":{"x":-1.5595862865447999,"y":1.3748118877410889,"z":-0.9796615839004517},"rotation":{"x":0.041293393820524219,"y":0.8948841691017151,"z":-0.07755284756422043,"w":0.43820884823799136},"size":1.8717787265777588,"orthographic":false}