{"cameraMode":{"drawMode":0,"name":"Shaded","section":"Shading Mode"},"sceneLighting":true,"audioPlay":false,"sceneViewState":{"showFog":true,"showMaterialUpdate":true,"showSkybox":false,"showFlares":true,"showImageEffects":true,"showParticleSystems":true},"in2DMode":false,"pivot":{"x":0.671943187713623,"y":2.327631950378418,"z":3.383711814880371},"rotation":{"x":-0.05944854021072388,"y":0.9387841820716858,"z":-0.20085151493549348,"w":-0.27576491236686709},"size":4.342313289642334,"orthographic":false}