{"cameraMode":{"drawMode":0,"name":"Shaded","section":"Shading Mode"},"sceneLighting":false,"audioPlay":false,"sceneViewState":{"showFog":true,"showMaterialUpdate":true,"showSkybox":false,"showFlares":true,"showImageEffects":true,"showParticleSystems":true},"in2DMode":false,"pivot":{"x":-0.000007867813110351563,"y":0.8485056161880493,"z":0.2953047752380371},"rotation":{"x":-0.028471719473600389,"y":0.7303294539451599,"z":-0.030870553106069566,"w":-0.6820122599601746},"size":3.917257785797119,"orthographic":false}