{"cameraMode":{"drawMode":0,"name":"Shaded","section":"Shading Mode"},"sceneLighting":false,"audioPlay":false,"sceneViewState":{"showFog":true,"showMaterialUpdate":false,"showSkybox":false,"showFlares":true,"showImageEffects":true,"showParticleSystems":true},"in2DMode":false,"pivot":{"x":-0.61319899559021,"y":0.9769563674926758,"z":0.869299590587616},"rotation":{"x":-0.19047148525714875,"y":-0.764603316783905,"z":0.26081621646881106,"w":-0.5579948425292969},"size":1.2704041004180909,"orthographic":false}