{"cameraMode":{"drawMode":0,"name":"Shaded","section":"Shading Mode"},"sceneLighting":false,"audioPlay":false,"sceneViewState":{"showFog":true,"showMaterialUpdate":false,"showSkybox":false,"showFlares":true,"showImageEffects":true,"showParticleSystems":true},"in2DMode":false,"pivot":{"x":-0.28048956394195559,"y":1.824461579322815,"z":1.0112884044647217},"rotation":{"x":0.08782555162906647,"y":0.9149861931800842,"z":0.2918334901332855,"w":-0.26534754037857058},"size":1.6174678802490235,"orthographic":false}