{"cameraMode":{"drawMode":0,"name":"Shaded","section":"Shading Mode"},"sceneLighting":false,"audioPlay":false,"sceneViewState":{"showFog":true,"showMaterialUpdate":true,"showSkybox":false,"showFlares":true,"showImageEffects":true,"showParticleSystems":true},"in2DMode":false,"pivot":{"x":-2.4999990463256838,"y":0.5,"z":2.4999990463256838},"rotation":{"x":0.03148406744003296,"y":0.9312989711761475,"z":-0.3560461401939392,"w":0.07416647672653198},"size":3.570714235305786,"orthographic":false}