{"cameraMode":{"drawMode":0,"name":"Shaded","section":"Shading Mode"},"sceneLighting":false,"audioPlay":false,"sceneViewState":{"showFog":true,"showMaterialUpdate":false,"showSkybox":false,"showFlares":true,"showImageEffects":true,"showParticleSystems":true},"in2DMode":false,"pivot":{"x":-2.980232238769531e-7,"y":0.339632511138916,"z":-0.0039141178131103519},"rotation":{"x":0.06732843071222305,"y":-0.8741401433944702,"z":0.12673862278461457,"w":0.4641367495059967},"size":0.792198657989502,"orthographic":false}