{"cameraMode":{"drawMode":0,"name":"Shaded","section":"Shading Mode"},"sceneLighting":true,"audioPlay":false,"sceneViewState":{"showFog":true,"showMaterialUpdate":true,"showSkybox":true,"showFlares":true,"showImageEffects":true,"showParticleSystems":true},"in2DMode":false,"pivot":{"x":2.240908622741699,"y":0.8583865165710449,"z":6.227675437927246},"rotation":{"x":0.06019469350576401,"y":-0.9361997842788696,"z":0.2203824371099472,"w":0.268307626247406},"size":2.358799457550049,"orthographic":false}