{"cameraMode":{"drawMode":0,"name":"Shaded","section":"Shading Mode"},"sceneLighting":false,"audioPlay":false,"sceneViewState":{"showFog":true,"showMaterialUpdate":true,"showSkybox":false,"showFlares":true,"showImageEffects":true,"showParticleSystems":true},"in2DMode":false,"pivot":{"x":-2.5,"y":-1.0013904571533204,"z":0.3033500015735626},"rotation":{"x":-0.013011294417083264,"y":0.7279132008552551,"z":0.015376191586256028,"w":0.6861789226531982},"size":2.710129976272583,"orthographic":false}