{"cameraMode":{"drawMode":0,"name":"Shaded","section":"Shading Mode"},"sceneLighting":false,"audioPlay":false,"sceneViewState":{"showFog":true,"showMaterialUpdate":true,"showSkybox":false,"showFlares":true,"showImageEffects":true,"showParticleSystems":true},"in2DMode":false,"pivot":{"x":0.005045250058174133,"y":0.11323490738868714,"z":-0.04726426303386688},"rotation":{"x":-0.29395586252212527,"y":0.6626675724983215,"z":-0.3201773762702942,"w":-0.6107450127601624},"size":0.1555807739496231,"orthographic":false}