{"cameraMode":{"drawMode":0,"name":"Shaded","section":"Shading Mode"},"sceneLighting":false,"audioPlay":false,"sceneViewState":{"showFog":true,"showMaterialUpdate":true,"showSkybox":false,"showFlares":true,"showImageEffects":true,"showParticleSystems":true},"in2DMode":false,"pivot":{"x":-1.0401934385299683,"y":0.5834548473358154,"z":-0.17717847228050233},"rotation":{"x":-0.07943125069141388,"y":0.870866596698761,"z":-0.15052087604999543,"w":-0.4614242613315582},"size":1.586270809173584,"orthographic":false}