{"cameraMode":{"drawMode":0,"name":"Shaded","section":"Shading Mode"},"sceneLighting":false,"audioPlay":false,"sceneViewState":{"showFog":true,"showMaterialUpdate":false,"showSkybox":false,"showFlares":true,"showImageEffects":true,"showParticleSystems":true},"in2DMode":false,"pivot":{"x":-1.2498373985290528,"y":0.032012298703193668,"z":1.2497644424438477},"rotation":{"x":-0.35827356576919558,"y":0.13983508944511414,"z":-0.05436251312494278,"w":-0.921493411064148},"size":1.7683438062667847,"orthographic":false}