{"cameraMode":{"drawMode":0,"name":"Shaded","section":"Shading Mode"},"sceneLighting":false,"audioPlay":false,"sceneViewState":{"showFog":true,"showMaterialUpdate":true,"showSkybox":false,"showFlares":true,"showImageEffects":true,"showParticleSystems":true},"in2DMode":false,"pivot":{"x":-1.223369836807251,"y":3.5011377334594728,"z":3.6643002033233644},"rotation":{"x":0.014171411283314228,"y":0.9882370829582214,"z":-0.12733124196529389,"w":0.08689667284488678},"size":0.7495805621147156,"orthographic":false}