{"cameraMode":{"drawMode":0,"name":"Shaded","section":"Shading Mode"},"sceneLighting":false,"audioPlay":false,"sceneViewState":{"showFog":true,"showMaterialUpdate":false,"showSkybox":false,"showFlares":true,"showImageEffects":true,"showParticleSystems":true},"in2DMode":false,"pivot":{"x":0.04788695275783539,"y":1.0370268821716309,"z":0.07523554563522339},"rotation":{"x":-0.16564103960990907,"y":0.3345995247364044,"z":-0.059757862240076068,"w":-0.9258476495742798},"size":1.4549869298934937,"orthographic":false}