{"cameraMode":{"drawMode":0,"name":"Shaded","section":"Shading Mode"},"sceneLighting":true,"audioPlay":false,"sceneViewState":{"showFog":true,"showMaterialUpdate":true,"showSkybox":false,"showFlares":true,"showImageEffects":true,"showParticleSystems":true},"in2DMode":false,"pivot":{"x":-4.846202373504639,"y":8.885177612304688,"z":-3.6927080154418947},"rotation":{"x":0.42069193720817568,"y":-0.341230183839798,"z":0.17636851966381074,"w":0.822548508644104},"size":10.254012107849121,"orthographic":false}