{"cameraMode":{"drawMode":0,"name":"Shaded","section":"Shading Mode"},"sceneLighting":true,"audioPlay":false,"sceneViewState":{"showFog":true,"showMaterialUpdate":true,"showSkybox":true,"showFlares":true,"showImageEffects":true,"showParticleSystems":true},"in2DMode":false,"pivot":{"x":-188.95314025878907,"y":-211.2525634765625,"z":191.1263885498047},"rotation":{"x":0.29877471923828127,"y":-0.39752358198165896,"z":0.14174409210681916,"w":0.8563640117645264},"size":171.51539611816407,"orthographic":false}