{"cameraMode":{"drawMode":0,"name":"Shaded","section":"Shading Mode"},"sceneLighting":false,"audioPlay":false,"sceneViewState":{"showFog":true,"showMaterialUpdate":false,"showSkybox":false,"showFlares":true,"showImageEffects":true,"showParticleSystems":true},"in2DMode":false,"pivot":{"x":0.800066351890564,"y":0.5742228627204895,"z":0.7770851254463196},"rotation":{"x":0.01934235915541649,"y":0.7868828177452087,"z":0.024859454482793809,"w":-0.6164272427558899},"size":0.5872457027435303,"orthographic":false}