{"cameraMode":{"drawMode":0,"name":"Shaded","section":"Shading Mode"},"sceneLighting":true,"audioPlay":false,"sceneViewState":{"showFog":true,"showMaterialUpdate":true,"showSkybox":true,"showFlares":true,"showImageEffects":true,"showParticleSystems":true},"in2DMode":false,"pivot":{"x":11.650402069091797,"y":9.977725982666016,"z":7.109060287475586},"rotation":{"x":-0.18458828330039979,"y":-0.5257570743560791,"z":0.11919229477643967,"w":-0.8225046396255493},"size":4.406865119934082,"orthographic":false}