{"cameraMode":{"drawMode":0,"name":"Shaded","section":"Shading Mode"},"sceneLighting":true,"audioPlay":false,"sceneViewState":{"showFog":true,"showMaterialUpdate":true,"showSkybox":true,"showFlares":true,"showImageEffects":true,"showParticleSystems":true},"in2DMode":false,"pivot":{"x":28.570749282836915,"y":23.988435745239259,"z":-16.14913558959961},"rotation":{"x":-0.26359036564826968,"y":0.043905626982450488,"z":-0.012304598465561867,"w":-0.9637028574943543},"size":2.643718957901001,"orthographic":false}