{"cameraMode":{"drawMode":0,"name":"Shaded","section":"Shading Mode"},"sceneLighting":false,"audioPlay":false,"sceneViewState":{"showFog":true,"showMaterialUpdate":false,"showSkybox":false,"showFlares":true,"showImageEffects":true,"showParticleSystems":true},"in2DMode":false,"pivot":{"x":-0.04103732481598854,"y":1.4960319995880128,"z":0.13442236185073853},"rotation":{"x":-0.004546560347080231,"y":0.9895957112312317,"z":0.03236804157495499,"w":0.14070355892181397},"size":0.09031271934509278,"orthographic":false}