{"cameraMode":{"drawMode":0,"name":"Shaded","section":"Shading Mode"},"sceneLighting":false,"audioPlay":false,"sceneViewState":{"showFog":true,"showMaterialUpdate":false,"showSkybox":false,"showFlares":true,"showImageEffects":true,"showParticleSystems":true},"in2DMode":false,"pivot":{"x":0.6753308773040772,"y":0.8600098490715027,"z":-1.2106859683990479},"rotation":{"x":0.03683605417609215,"y":0.9404104351997376,"z":-0.09755942970514298,"w":0.32454124093055727},"size":1.468955159187317,"orthographic":false}