{"cameraMode":{"drawMode":0,"name":"Shaded","section":"Shading Mode"},"sceneLighting":true,"audioPlay":false,"sceneViewState":{"showFog":true,"showMaterialUpdate":false,"showSkybox":false,"showFlares":true,"showImageEffects":true,"showParticleSystems":true},"in2DMode":false,"pivot":{"x":31.054109573364259,"y":-1.1745741367340088,"z":-2.217595100402832},"rotation":{"x":-0.027957962825894357,"y":-0.8145448565483093,"z":0.039381470531225207,"w":-0.5782248377799988},"size":14.860950469970704,"orthographic":false}