{"cameraMode":{"drawMode":0,"name":"Shaded","section":"Shading Mode"},"sceneLighting":true,"audioPlay":false,"sceneViewState":{"showFog":true,"showMaterialUpdate":true,"showSkybox":true,"showFlares":true,"showImageEffects":true,"showParticleSystems":true},"in2DMode":false,"pivot":{"x":32.83712387084961,"y":-1.9028058052062989,"z":-13.527666091918946},"rotation":{"x":0.0017934723291546107,"y":-0.9972066283226013,"z":0.028445692732930185,"w":0.07102615386247635},"size":2.643718957901001,"orthographic":false}