{"cameraMode":{"drawMode":0,"name":"Shaded","section":"Shading Mode"},"sceneLighting":false,"audioPlay":false,"sceneViewState":{"showFog":true,"showMaterialUpdate":true,"showSkybox":false,"showFlares":true,"showImageEffects":true,"showParticleSystems":true},"in2DMode":false,"pivot":{"x":-1.2434064149856568,"y":2.499999523162842,"z":0.4406772255897522},"rotation":{"x":0.014171411283314228,"y":0.9882370829582214,"z":-0.12733124196529389,"w":0.08689667284488678},"size":2.833944082260132,"orthographic":false}