{"cameraMode":{"drawMode":0,"name":"Shaded","section":"Shading Mode"},"sceneLighting":false,"audioPlay":false,"sceneViewState":{"showFog":true,"showMaterialUpdate":true,"showSkybox":false,"showFlares":true,"showImageEffects":true,"showParticleSystems":true},"in2DMode":false,"pivot":{"x":0.0026919543743133547,"y":5.021611213684082,"z":1.5433672666549683},"rotation":{"x":0.014171411283314228,"y":0.9882370829582214,"z":-0.12733124196529389,"w":0.08689667284488678},"size":5.023625373840332,"orthographic":false}