{"cameraMode":{"drawMode":0,"name":"Shaded","section":"Shading Mode"},"sceneLighting":false,"audioPlay":false,"sceneViewState":{"showFog":true,"showMaterialUpdate":true,"showSkybox":false,"showFlares":true,"showImageEffects":true,"showParticleSystems":true},"in2DMode":false,"pivot":{"x":-2.141098976135254,"y":1.6070082187652588,"z":13.128482818603516},"rotation":{"x":0.05698085203766823,"y":-0.4946456551551819,"z":0.03509431332349777,"w":0.867164134979248},"size":2.8456289768218996,"orthographic":false}