{"cameraMode":{"drawMode":0,"name":"Shaded","section":"Shading Mode"},"sceneLighting":true,"audioPlay":false,"sceneViewState":{"showFog":true,"showMaterialUpdate":false,"showSkybox":false,"showFlares":true,"showImageEffects":true,"showParticleSystems":true},"in2DMode":false,"pivot":{"x":-5.944863319396973,"y":-5.5600266456604,"z":-13.728044509887696},"rotation":{"x":-0.0009070883388631046,"y":-0.9911161065101624,"z":0.13341979682445527,"w":-0.006762658711522818},"size":14.860950469970704,"orthographic":false}