{"cameraMode":{"drawMode":0,"name":"Shaded","section":"Shading Mode"},"sceneLighting":false,"audioPlay":false,"sceneViewState":{"showFog":true,"showMaterialUpdate":false,"showSkybox":false,"showFlares":true,"showImageEffects":true,"showParticleSystems":true},"in2DMode":false,"pivot":{"x":-0.14589881896972657,"y":-0.4245634078979492,"z":0.2925739288330078},"rotation":{"x":0.28195419907569888,"y":0.041405290365219119,"z":-0.00921364314854145,"w":0.9587526321411133},"size":1.3993613719940186,"orthographic":false}