{"cameraMode":{"drawMode":0,"name":"Shaded","section":"Shading Mode"},"sceneLighting":true,"audioPlay":false,"sceneViewState":{"showFog":true,"showMaterialUpdate":true,"showSkybox":false,"showFlares":true,"showImageEffects":true,"showParticleSystems":true},"in2DMode":false,"pivot":{"x":3.8522109985351564,"y":18.555910110473634,"z":-7.431497573852539},"rotation":{"x":0.04135533422231674,"y":0.9602487087249756,"z":-0.16913683712482453,"w":0.22076550126075746},"size":7.394634246826172,"orthographic":false}