{"cameraMode":{"drawMode":0,"name":"Shaded","section":"Shading Mode"},"sceneLighting":false,"audioPlay":false,"sceneViewState":{"showFog":true,"showMaterialUpdate":false,"showSkybox":false,"showFlares":true,"showImageEffects":true,"showParticleSystems":true},"in2DMode":false,"pivot":{"x":0.5679029226303101,"y":1.4080190658569337,"z":-0.35341590642929079},"rotation":{"x":-0.00845669861882925,"y":-0.9893847703933716,"z":0.06421638280153275,"w":-0.13068385422229768},"size":1.8570045232772828,"orthographic":false}