{"cameraMode":{"drawMode":0,"name":"Shaded","section":"Shading Mode"},"sceneLighting":true,"audioPlay":false,"sceneViewState":{"showFog":true,"showMaterialUpdate":false,"showSkybox":false,"showFlares":true,"showImageEffects":true,"showParticleSystems":true},"in2DMode":false,"pivot":{"x":-16.45600700378418,"y":13.216529846191407,"z":1.7268542051315308},"rotation":{"x":0.18961496651172639,"y":0.6898239850997925,"z":0.19577240943908692,"w":-0.670907735824585},"size":11.411661148071289,"orthographic":false}