{"cameraMode":{"drawMode":0,"name":"Shaded","section":"Shading Mode"},"sceneLighting":true,"audioPlay":false,"sceneViewState":{"showFog":true,"showMaterialUpdate":false,"showSkybox":false,"showFlares":true,"showImageEffects":true,"showParticleSystems":true},"in2DMode":false,"pivot":{"x":-2.2518696784973146,"y":1.5405367612838746,"z":4.001111030578613},"rotation":{"x":-0.06359196454286576,"y":-0.8947818875312805,"z":0.12805388867855073,"w":-0.42369604110717776},"size":2.0643789768218996,"orthographic":false}