{"cameraMode":{"drawMode":0,"name":"Shaded","section":"Shading Mode"},"sceneLighting":false,"audioPlay":false,"sceneViewState":{"showFog":true,"showMaterialUpdate":true,"showSkybox":false,"showFlares":true,"showImageEffects":true,"showParticleSystems":true},"in2DMode":false,"pivot":{"x":-0.9587526321411133,"y":1.8460237979888917,"z":13.330659866333008},"rotation":{"x":0.02757771499454975,"y":-0.09386319667100907,"z":0.00481451628729701,"w":0.9957592487335205},"size":2.472446918487549,"orthographic":false}