{"cameraMode":{"drawMode":0,"name":"Shaded","section":"Shading Mode"},"sceneLighting":true,"audioPlay":false,"sceneViewState":{"showFog":true,"showMaterialUpdate":true,"showSkybox":false,"showFlares":true,"showImageEffects":true,"showParticleSystems":true},"in2DMode":false,"pivot":{"x":0.3325095772743225,"y":-0.9743110537528992,"z":-7.996406555175781},"rotation":{"x":-0.35643234848976138,"y":-0.5644158720970154,"z":0.2941072881221771,"w":-0.6841905117034912},"size":2.4248712062835695,"orthographic":false}