{"cameraMode":{"drawMode":0,"name":"Shaded","section":"Shading Mode"},"sceneLighting":true,"audioPlay":false,"sceneViewState":{"showFog":true,"showMaterialUpdate":false,"showSkybox":false,"showFlares":true,"showImageEffects":true,"showParticleSystems":true},"in2DMode":false,"pivot":{"x":3.2871005535125734,"y":0.9844328165054321,"z":-0.27950820326805117},"rotation":{"x":-0.0973326563835144,"y":-0.7248694896697998,"z":0.1006353422999382,"w":-0.6749482154846191},"size":2.0643789768218996,"orthographic":false}