{"cameraMode":{"drawMode":0,"name":"Shaded","section":"Shading Mode"},"sceneLighting":true,"audioPlay":false,"sceneViewState":{"showFog":true,"showMaterialUpdate":true,"showSkybox":false,"showFlares":true,"showImageEffects":true,"showParticleSystems":true},"in2DMode":false,"pivot":{"x":-1.0446594953536988,"y":1.4419351816177369,"z":13.29610538482666},"rotation":{"x":-0.02581091783940792,"y":0.0017053879564628006,"z":-0.00009858478733804077,"w":-0.9997795224189758},"size":2.4248712062835695,"orthographic":false}