{"cameraMode":{"drawMode":0,"name":"Shaded","section":"Shading Mode"},"sceneLighting":false,"audioPlay":false,"sceneViewState":{"showFog":true,"showMaterialUpdate":false,"showSkybox":false,"showFlares":true,"showImageEffects":true,"showParticleSystems":true},"in2DMode":false,"pivot":{"x":-0.6181220412254334,"y":-3.5791735649108888,"z":-16.235441207885743},"rotation":{"x":-0.005260181147605181,"y":0.9825195074081421,"z":-0.18487758934497834,"w":-0.02649262547492981},"size":10.0,"orthographic":false}