{"cameraMode":{"drawMode":0,"name":"Shaded","section":"Shading Mode"},"sceneLighting":true,"audioPlay":false,"sceneViewState":{"showFog":true,"showMaterialUpdate":true,"showSkybox":false,"showFlares":true,"showImageEffects":true,"showParticleSystems":true},"in2DMode":false,"pivot":{"x":1.2275769710540772,"y":-0.3528832197189331,"z":-9.7142333984375},"rotation":{"x":-0.1125483587384224,"y":-0.8746859431266785,"z":0.24378041923046113,"w":-0.4038031995296478},"size":2.4248712062835695,"orthographic":false}