{"cameraMode":{"drawMode":0,"name":"Shaded","section":"Shading Mode"},"sceneLighting":false,"audioPlay":false,"sceneViewState":{"showFog":true,"showMaterialUpdate":false,"showSkybox":false,"showFlares":true,"showImageEffects":true,"showParticleSystems":true},"in2DMode":false,"pivot":{"x":-2.471895217895508,"y":2.492656946182251,"z":0.05751800537109375},"rotation":{"x":-0.07642748206853867,"y":-0.0023923306725919248,"z":0.00020760810002684593,"w":-0.9971139430999756},"size":3.6291403770446779,"orthographic":false}