{"cameraMode":{"drawMode":0,"name":"Shaded","section":"Shading Mode"},"sceneLighting":false,"audioPlay":false,"sceneViewState":{"showFog":true,"showMaterialUpdate":false,"showSkybox":false,"showFlares":true,"showImageEffects":true,"showParticleSystems":true},"in2DMode":false,"pivot":{"x":0.028828462585806848,"y":1.8856842517852784,"z":-0.04848194122314453},"rotation":{"x":-0.00038587808376178145,"y":0.99997878074646,"z":-0.014997875317931176,"w":-0.007503805216401815},"size":1.0400540828704835,"orthographic":false}