{"cameraMode":{"drawMode":0,"name":"Shaded","section":"Shading Mode"},"sceneLighting":false,"audioPlay":false,"sceneViewState":{"showFog":true,"showMaterialUpdate":true,"showSkybox":false,"showFlares":true,"showImageEffects":true,"showParticleSystems":true},"in2DMode":false,"pivot":{"x":0.03555196523666382,"y":0.077506422996521,"z":-0.37924379110336306},"rotation":{"x":-0.29395586252212527,"y":0.6626675724983215,"z":-0.3201773762702942,"w":-0.6107450127601624},"size":0.602575957775116,"orthographic":false}