{"cameraMode":{"drawMode":0,"name":"Shaded","section":"Shading Mode"},"sceneLighting":false,"audioPlay":false,"sceneViewState":{"showFog":true,"showMaterialUpdate":false,"showSkybox":false,"showFlares":true,"showImageEffects":true,"showParticleSystems":true},"in2DMode":false,"pivot":{"x":6.249298095703125,"y":-3.752610445022583,"z":-1.578481912612915},"rotation":{"x":0.1840076595544815,"y":0.7491752505302429,"z":-0.22693966329097749,"w":0.5948794484138489},"size":4.84197473526001,"orthographic":false}