{"cameraMode":{"drawMode":0,"name":"Shaded","section":"Shading Mode"},"sceneLighting":false,"audioPlay":false,"sceneViewState":{"showFog":true,"showMaterialUpdate":false,"showSkybox":false,"showFlares":true,"showImageEffects":true,"showParticleSystems":true},"in2DMode":false,"pivot":{"x":-2.99634051322937,"y":2.69842529296875,"z":-0.6488323211669922},"rotation":{"x":-0.28882020711898806,"y":0.20252613723278047,"z":-0.06262301653623581,"w":-0.9336623549461365},"size":3.7762362957000734,"orthographic":false}