{"cameraMode":{"drawMode":0,"name":"Shaded","section":"Shading Mode"},"sceneLighting":false,"audioPlay":false,"sceneViewState":{"showFog":true,"showMaterialUpdate":false,"showSkybox":false,"showFlares":true,"showImageEffects":true,"showParticleSystems":true},"in2DMode":false,"pivot":{"x":-0.044588565826416019,"y":1.5017963647842408,"z":0.0},"rotation":{"x":0.03465217724442482,"y":0.9634422063827515,"z":-0.2177676409482956,"w":0.15285760164260865},"size":2.1265292167663576,"orthographic":false}