{"cameraMode":{"drawMode":0,"name":"Shaded","section":"Shading Mode"},"sceneLighting":false,"audioPlay":false,"sceneViewState":{"showFog":true,"showMaterialUpdate":true,"showSkybox":false,"showFlares":true,"showImageEffects":true,"showParticleSystems":true},"in2DMode":false,"pivot":{"x":-2.5,"y":-0.09633827209472656,"z":2.5000104904174806},"rotation":{"x":-0.43112048506736758,"y":0.05372397229075432,"z":-0.026699621230363847,"w":-0.9008830189704895},"size":4.989604473114014,"orthographic":false}