{"cameraMode":{"drawMode":0,"name":"Shaded","section":"Shading Mode"},"sceneLighting":true,"audioPlay":false,"sceneViewState":{"showFog":true,"showMaterialUpdate":false,"showSkybox":false,"showFlares":true,"showImageEffects":true,"showParticleSystems":true},"in2DMode":false,"pivot":{"x":-6.323566436767578,"y":-3.4064159393310549,"z":7.068324565887451},"rotation":{"x":-0.21655519306659699,"y":0.3632884919643402,"z":-0.08692750334739685,"w":-0.902085542678833},"size":6.062177658081055,"orthographic":false}