{"cameraMode":{"drawMode":0,"name":"Shaded","section":"Shading Mode"},"sceneLighting":false,"audioPlay":false,"sceneViewState":{"showFog":true,"showMaterialUpdate":true,"showSkybox":false,"showFlares":true,"showImageEffects":true,"showParticleSystems":true},"in2DMode":false,"pivot":{"x":0.3651675581932068,"y":0.5193741321563721,"z":0.03689271956682205},"rotation":{"x":-0.028471719473600389,"y":0.7303294539451599,"z":-0.030870553106069566,"w":-0.6820122599601746},"size":0.3127543330192566,"orthographic":false}