{"cameraMode":{"drawMode":0,"name":"Shaded","section":"Shading Mode"},"sceneLighting":true,"audioPlay":false,"sceneViewState":{"showFog":true,"showMaterialUpdate":true,"showSkybox":true,"showFlares":true,"showImageEffects":true,"showParticleSystems":true},"in2DMode":false,"pivot":{"x":0.40708351135253909,"y":10.39005184173584,"z":-4.110099792480469},"rotation":{"x":-0.4082978367805481,"y":-0.5219629406929016,"z":0.316344678401947,"w":-0.6797100901603699},"size":6.957484245300293,"orthographic":false}