{"cameraMode":{"drawMode":0,"name":"Shaded","section":"Shading Mode"},"sceneLighting":false,"audioPlay":false,"sceneViewState":{"showFog":true,"showMaterialUpdate":true,"showSkybox":false,"showFlares":true,"showImageEffects":true,"showParticleSystems":true},"in2DMode":false,"pivot":{"x":0.0,"y":1.3257166147232056,"z":-5.960464477539063e-8},"rotation":{"x":0.10038647055625916,"y":0.9017401337623596,"z":-0.3180316388607025,"w":0.27609294652938845},"size":1.447044014930725,"orthographic":false}