{"cameraMode":{"drawMode":0,"name":"Shaded","section":"Shading Mode"},"sceneLighting":false,"audioPlay":false,"sceneViewState":{"showFog":true,"showMaterialUpdate":false,"showSkybox":false,"showFlares":true,"showImageEffects":true,"showParticleSystems":true},"in2DMode":false,"pivot":{"x":0.10228031873703003,"y":1.9903335571289063,"z":0.2085636854171753},"rotation":{"x":0.2833629250526428,"y":0.04426620900630951,"z":-0.010125933215022087,"w":0.958200216293335},"size":3.7134273052215578,"orthographic":false}