{"cameraMode":{"drawMode":0,"name":"Shaded","section":"Shading Mode"},"sceneLighting":false,"audioPlay":false,"sceneViewState":{"showFog":true,"showMaterialUpdate":false,"showSkybox":false,"showFlares":true,"showImageEffects":true,"showParticleSystems":true},"in2DMode":false,"pivot":{"x":7.038003921508789,"y":-1.6090998649597169,"z":-14.456304550170899},"rotation":{"x":0.030350638553500177,"y":0.9635396599769592,"z":-0.10753599554300308,"w":0.2442748248577118},"size":9.58792495727539,"orthographic":false}