{"cameraMode":{"drawMode":0,"name":"Shaded","section":"Shading Mode"},"sceneLighting":false,"audioPlay":false,"sceneViewState":{"showFog":true,"showMaterialUpdate":true,"showSkybox":false,"showFlares":true,"showImageEffects":true,"showParticleSystems":true},"in2DMode":false,"pivot":{"x":0.3284001350402832,"y":-2.1495742797851564,"z":0.18739748001098634},"rotation":{"x":0.18672135472297669,"y":0.8134024739265442,"z":-0.34960538148880007,"w":0.4264535903930664},"size":6.366780757904053,"orthographic":false}