{"cameraMode":{"drawMode":0,"name":"Shaded","section":"Shading Mode"},"sceneLighting":false,"audioPlay":false,"sceneViewState":{"showFog":true,"showMaterialUpdate":true,"showSkybox":false,"showFlares":true,"showImageEffects":true,"showParticleSystems":true},"in2DMode":false,"pivot":{"x":0.0,"y":0.2867172360420227,"z":-0.0000019073486328125},"rotation":{"x":0.11952818185091019,"y":0.8810510635375977,"z":-0.32198578119277956,"w":0.3269018232822418},"size":2.4753410816192629,"orthographic":false}