{"cameraMode":{"drawMode":0,"name":"Shaded","section":"Shading Mode"},"sceneLighting":false,"audioPlay":false,"sceneViewState":{"showFog":true,"showMaterialUpdate":true,"showSkybox":false,"showFlares":true,"showImageEffects":true,"showParticleSystems":true},"in2DMode":false,"pivot":{"x":-4.76837158203125e-7,"y":0.4021930992603302,"z":-4.76837158203125e-7},"rotation":{"x":-0.29958781599998476,"y":0.6331315040588379,"z":-0.29201748967170718,"w":-0.6520569324493408},"size":3.5536532402038576,"orthographic":false}