{"cameraMode":{"drawMode":0,"name":"Shaded","section":"Shading Mode"},"sceneLighting":true,"audioPlay":false,"sceneViewState":{"showFog":true,"showMaterialUpdate":false,"showSkybox":false,"showFlares":true,"showImageEffects":true,"showParticleSystems":true},"in2DMode":false,"pivot":{"x":0.06712841987609863,"y":0.8243839740753174,"z":4.100491046905518},"rotation":{"x":-0.019013822078704835,"y":0.7830549478530884,"z":-0.02320842444896698,"w":-0.6214342713356018},"size":1.183204174041748,"orthographic":false}