{"cameraMode":{"drawMode":0,"name":"Shaded","section":"Shading Mode"},"sceneLighting":false,"audioPlay":false,"sceneViewState":{"showFog":true,"showMaterialUpdate":false,"showSkybox":false,"showFlares":true,"showImageEffects":true,"showParticleSystems":true},"in2DMode":false,"pivot":{"x":0.009458422660827637,"y":1.178021788597107,"z":-0.028076767921447755},"rotation":{"x":0.1822499930858612,"y":-0.474909245967865,"z":0.10120682418346405,"w":0.8550195097923279},"size":1.8641064167022706,"orthographic":false}