{"cameraMode":{"drawMode":0,"name":"Shaded","section":"Shading Mode"},"sceneLighting":true,"audioPlay":false,"sceneViewState":{"showFog":true,"showMaterialUpdate":true,"showSkybox":false,"showFlares":true,"showImageEffects":true,"showParticleSystems":true},"in2DMode":false,"pivot":{"x":16.793806076049806,"y":-22.633806228637697,"z":-15.740434646606446},"rotation":{"x":-0.12126748263835907,"y":-0.8786293864250183,"z":0.3325886130332947,"w":-0.3207876980304718},"size":22.106884002685548,"orthographic":false}