{"cameraMode":{"drawMode":0,"name":"Shaded","section":"Shading Mode"},"sceneLighting":true,"audioPlay":false,"sceneViewState":{"showFog":true,"showMaterialUpdate":true,"showSkybox":true,"showFlares":true,"showImageEffects":true,"showParticleSystems":true},"in2DMode":false,"pivot":{"x":2.650012969970703,"y":1.258549690246582,"z":0.7740001678466797},"rotation":{"x":0.014961624518036843,"y":-0.9680752754211426,"z":0.07135677337646485,"w":0.2411762923002243},"size":12.602546691894532,"orthographic":false}