{"cameraMode":{"drawMode":0,"name":"Shaded","section":"Shading Mode"},"sceneLighting":false,"audioPlay":false,"sceneViewState":{"showFog":true,"showMaterialUpdate":true,"showSkybox":false,"showFlares":true,"showImageEffects":true,"showParticleSystems":true},"in2DMode":false,"pivot":{"x":-0.19434775412082673,"y":0.5200383067131043,"z":0.012336726300418377},"rotation":{"x":-0.05956558510661125,"y":0.9393534660339356,"z":-0.21655946969985963,"w":-0.25972744822502139},"size":1.0008125305175782,"orthographic":false}