{"cameraMode":{"drawMode":0,"name":"Shaded","section":"Shading Mode"},"sceneLighting":false,"audioPlay":false,"sceneViewState":{"showFog":true,"showMaterialUpdate":false,"showSkybox":false,"showFlares":true,"showImageEffects":true,"showParticleSystems":true},"in2DMode":false,"pivot":{"x":-0.40584099292755129,"y":2.9613122940063478,"z":-4.581211090087891},"rotation":{"x":0.28195419907569888,"y":0.041405290365219119,"z":-0.00921364314854145,"w":0.9587526321411133},"size":0.000017320508050033823,"orthographic":false}