{"cameraMode":{"drawMode":0,"name":"Shaded","section":"Shading Mode"},"sceneLighting":true,"audioPlay":false,"sceneViewState":{"showFog":true,"showMaterialUpdate":false,"showSkybox":false,"showFlares":true,"showImageEffects":true,"showParticleSystems":true},"in2DMode":false,"pivot":{"x":1.602487564086914,"y":0.8948541879653931,"z":1.87957763671875},"rotation":{"x":0.07949665933847428,"y":0.7165443301200867,"z":-0.07851680368185044,"w":0.6889505386352539},"size":2.7957346439361574,"orthographic":false}