{"cameraMode":{"drawMode":0,"name":"Shaded","section":"Shading Mode"},"sceneLighting":false,"audioPlay":false,"sceneViewState":{"showFog":true,"showMaterialUpdate":false,"showSkybox":false,"showFlares":true,"showImageEffects":true,"showParticleSystems":true},"in2DMode":false,"pivot":{"x":-2.6199371814727785,"y":2.110360622406006,"z":0.9855432510375977},"rotation":{"x":-0.2728711664676666,"y":0.6577829122543335,"z":-0.27849081158638,"w":-0.6444987654685974},"size":3.7098746299743654,"orthographic":false}