{"cameraMode":{"drawMode":0,"name":"Shaded","section":"Shading Mode"},"sceneLighting":true,"audioPlay":false,"sceneViewState":{"showFog":true,"showMaterialUpdate":true,"showSkybox":true,"showFlares":true,"showImageEffects":true,"showParticleSystems":true},"in2DMode":false,"pivot":{"x":10.53615665435791,"y":37.2812614440918,"z":37.0741081237793},"rotation":{"x":-0.19880348443984986,"y":0.026958510279655458,"z":0.005660364404320717,"w":0.9802303910255432},"size":22.58885955810547,"orthographic":false}