{"cameraMode":{"drawMode":0,"name":"Shaded","section":"Shading Mode"},"sceneLighting":false,"audioPlay":false,"sceneViewState":{"showFog":true,"showMaterialUpdate":false,"showSkybox":false,"showFlares":true,"showImageEffects":true,"showParticleSystems":true},"in2DMode":false,"pivot":{"x":1.0615689754486085,"y":-5.704073905944824,"z":1.5624905824661255},"rotation":{"x":0.43008187413215639,"y":0.5337323546409607,"z":-0.3640008568763733,"w":0.6307154297828674},"size":4.622687339782715,"orthographic":false}