{"cameraMode":{"drawMode":0,"name":"Shaded","section":"Shading Mode"},"sceneLighting":false,"audioPlay":false,"sceneViewState":{"showFog":true,"showMaterialUpdate":true,"showSkybox":false,"showFlares":true,"showImageEffects":true,"showParticleSystems":true},"in2DMode":false,"pivot":{"x":-0.7757323384284973,"y":0.19268126785755158,"z":-1.3044936656951905},"rotation":{"x":0.03317175433039665,"y":0.9678841233253479,"z":-0.2038046270608902,"w":0.14570851624011994},"size":2.4366416931152345,"orthographic":false}