{"cameraMode":{"drawMode":0,"name":"Shaded","section":"Shading Mode"},"sceneLighting":false,"audioPlay":false,"sceneViewState":{"showFog":true,"showMaterialUpdate":false,"showSkybox":false,"showFlares":true,"showImageEffects":true,"showParticleSystems":true},"in2DMode":false,"pivot":{"x":4.0035552978515629,"y":1.4020838737487794,"z":-2.5910229682922365},"rotation":{"x":0.02478841319680214,"y":0.9309338927268982,"z":-0.06433679163455963,"w":0.3587220311164856},"size":3.751309871673584,"orthographic":false}