{"cameraMode":{"drawMode":0,"name":"Shaded","section":"Shading Mode"},"sceneLighting":false,"audioPlay":false,"sceneViewState":{"showFog":true,"showMaterialUpdate":false,"showSkybox":false,"showFlares":true,"showImageEffects":true,"showParticleSystems":true},"in2DMode":false,"pivot":{"x":0.10733550041913986,"y":1.6619272232055665,"z":0.1904495805501938},"rotation":{"x":-0.16502363979816438,"y":-0.592790424823761,"z":0.12550203502178193,"w":-0.7783937454223633},"size":1.232726812362671,"orthographic":false}