{"cameraMode":{"drawMode":0,"name":"Shaded","section":"Shading Mode"},"sceneLighting":false,"audioPlay":false,"sceneViewState":{"showFog":true,"showMaterialUpdate":false,"showSkybox":false,"showFlares":true,"showImageEffects":true,"showParticleSystems":true},"in2DMode":false,"pivot":{"x":0.21911299228668214,"y":0.9710371494293213,"z":-0.19218802452087403},"rotation":{"x":0.2833629250526428,"y":0.04426620900630951,"z":-0.010125933215022087,"w":0.958200216293335},"size":2.2553822994232179,"orthographic":false}