{"cameraMode":{"drawMode":0,"name":"Shaded","section":"Shading Mode"},"sceneLighting":false,"audioPlay":false,"sceneViewState":{"showFog":true,"showMaterialUpdate":false,"showSkybox":false,"showFlares":true,"showImageEffects":true,"showParticleSystems":true},"in2DMode":false,"pivot":{"x":1.1920928955078126e-7,"y":1.1932992935180665,"z":-0.06363175064325333},"rotation":{"x":-0.001138540799729526,"y":0.9895353317260742,"z":-0.14499953389167787,"w":-0.005905900150537491},"size":1.7667316198349,"orthographic":false}