{"cameraMode":{"drawMode":0,"name":"Shaded","section":"Shading Mode"},"sceneLighting":false,"audioPlay":false,"sceneViewState":{"showFog":true,"showMaterialUpdate":true,"showSkybox":false,"showFlares":true,"showImageEffects":true,"showParticleSystems":true},"in2DMode":false,"pivot":{"x":-0.09281837195158005,"y":0.6410142183303833,"z":0.18351401388645173},"rotation":{"x":-0.09718820452690125,"y":0.82012939453125,"z":-0.1468571126461029,"w":-0.5446667075157166},"size":1.3301916122436524,"orthographic":false}