{"cameraMode":{"drawMode":0,"name":"Shaded","section":"Shading Mode"},"sceneLighting":false,"audioPlay":false,"sceneViewState":{"showFog":true,"showMaterialUpdate":false,"showSkybox":false,"showFlares":true,"showImageEffects":true,"showParticleSystems":true},"in2DMode":false,"pivot":{"x":-2.2808611392974855,"y":2.285490036010742,"z":3.077353000640869},"rotation":{"x":-0.07642748206853867,"y":-0.0023923306725919248,"z":0.00020760810002684593,"w":-0.9971139430999756},"size":3.7370002269744875,"orthographic":false}