{"cameraMode":{"drawMode":0,"name":"Shaded","section":"Shading Mode"},"sceneLighting":false,"audioPlay":false,"sceneViewState":{"showFog":true,"showMaterialUpdate":false,"showSkybox":false,"showFlares":true,"showImageEffects":true,"showParticleSystems":true},"in2DMode":false,"pivot":{"x":0.18661631643772126,"y":2.2106070518493654,"z":-2.944411516189575},"rotation":{"x":0.2763000726699829,"y":0.0270493533462286,"z":-0.004820996895432472,"w":0.9609408378601074},"size":0.000017320508050033823,"orthographic":false}