{"cameraMode":{"drawMode":0,"name":"Shaded","section":"Shading Mode"},"sceneLighting":false,"audioPlay":false,"sceneViewState":{"showFog":true,"showMaterialUpdate":false,"showSkybox":false,"showFlares":true,"showImageEffects":true,"showParticleSystems":true},"in2DMode":false,"pivot":{"x":0.04017817974090576,"y":0.4978582262992859,"z":0.04073191434144974},"rotation":{"x":-0.16564103960990907,"y":0.3345995247364044,"z":-0.059757862240076068,"w":-0.9258476495742798},"size":0.7365432381629944,"orthographic":false}