{"cameraMode":{"drawMode":0,"name":"Shaded","section":"Shading Mode"},"sceneLighting":false,"audioPlay":false,"sceneViewState":{"showFog":true,"showMaterialUpdate":true,"showSkybox":false,"showFlares":true,"showImageEffects":true,"showParticleSystems":true},"in2DMode":false,"pivot":{"x":0.0,"y":0.12844151258468629,"z":0.8948874473571777},"rotation":{"x":0.32887765765190127,"y":-0.09601525217294693,"z":0.03495970740914345,"w":0.9393691420555115},"size":1.2594084739685059,"orthographic":false}