{"cameraMode":{"drawMode":0,"name":"Shaded","section":"Shading Mode"},"sceneLighting":false,"audioPlay":false,"sceneViewState":{"showFog":true,"showMaterialUpdate":false,"showSkybox":false,"showFlares":true,"showImageEffects":true,"showParticleSystems":true},"in2DMode":false,"pivot":{"x":-5.960464477539063e-8,"y":0.7984914779663086,"z":-0.02956467866897583},"rotation":{"x":-0.001138540799729526,"y":0.9895353317260742,"z":-0.14499953389167787,"w":-0.005905900150537491},"size":1.3311651945114136,"orthographic":false}