{"cameraMode":{"drawMode":0,"name":"Shaded","section":"Shading Mode"},"sceneLighting":false,"audioPlay":false,"sceneViewState":{"showFog":true,"showMaterialUpdate":true,"showSkybox":false,"showFlares":true,"showImageEffects":true,"showParticleSystems":true},"in2DMode":false,"pivot":{"x":1.0248193740844727,"y":2.257962465286255,"z":2.384185791015625e-7},"rotation":{"x":0.23117518424987794,"y":0.7693750262260437,"z":-0.385337769985199,"w":0.4546627402305603},"size":2.489989757537842,"orthographic":false}