{"cameraMode":{"drawMode":0,"name":"Shaded","section":"Shading Mode"},"sceneLighting":true,"audioPlay":false,"sceneViewState":{"showFog":true,"showMaterialUpdate":true,"showSkybox":false,"showFlares":true,"showImageEffects":true,"showParticleSystems":true},"in2DMode":false,"pivot":{"x":-5.157738208770752,"y":15.469226837158204,"z":5.898416996002197},"rotation":{"x":0.3735201358795166,"y":-0.3736526370048523,"z":0.16949360072612763,"w":0.8326181769371033},"size":1.0964155197143555,"orthographic":false}