{"cameraMode":{"drawMode":0,"name":"Shaded","section":"Shading Mode"},"sceneLighting":true,"audioPlay":false,"sceneViewState":{"showFog":true,"showMaterialUpdate":false,"showSkybox":false,"showFlares":true,"showImageEffects":true,"showParticleSystems":true},"in2DMode":false,"pivot":{"x":-10.631134033203125,"y":-4.439116477966309,"z":2.1483869552612306},"rotation":{"x":0.1414150595664978,"y":-0.7692649364471436,"z":0.18232139945030213,"w":0.5959776639938355},"size":7.681522846221924,"orthographic":false}