{"cameraMode":{"drawMode":0,"name":"Shaded","section":"Shading Mode"},"sceneLighting":false,"audioPlay":false,"sceneViewState":{"showFog":true,"showMaterialUpdate":false,"showSkybox":false,"showFlares":true,"showImageEffects":true,"showParticleSystems":true},"in2DMode":false,"pivot":{"x":-2.9802322387695315e-8,"y":0.6872401237487793,"z":0.0},"rotation":{"x":0.1440373659133911,"y":-0.7344022393226624,"z":0.16460007429122926,"w":0.6425482034683228},"size":0.7334886789321899,"orthographic":false}