{"cameraMode":{"drawMode":0,"name":"Shaded","section":"Shading Mode"},"sceneLighting":false,"audioPlay":false,"sceneViewState":{"showFog":true,"showMaterialUpdate":false,"showSkybox":false,"showFlares":true,"showImageEffects":true,"showParticleSystems":true},"in2DMode":false,"pivot":{"x":0.1639118492603302,"y":0.17163613438606263,"z":1.7570514678955079},"rotation":{"x":-0.3588550090789795,"y":0.36814188957214358,"z":-0.15664957463741303,"w":-0.843329668045044},"size":1.843559741973877,"orthographic":false}