{"cameraMode":{"drawMode":0,"name":"Shaded","section":"Shading Mode"},"sceneLighting":false,"audioPlay":false,"sceneViewState":{"showFog":true,"showMaterialUpdate":true,"showSkybox":false,"showFlares":true,"showImageEffects":true,"showParticleSystems":true},"in2DMode":false,"pivot":{"x":-2.4999961853027345,"y":0.5,"z":0.00000762939453125},"rotation":{"x":0.32887765765190127,"y":-0.09601525217294693,"z":0.03495970740914345,"w":0.9393691420555115},"size":2.557583808898926,"orthographic":false}