{"cameraMode":{"drawMode":0,"name":"Shaded","section":"Shading Mode"},"sceneLighting":true,"audioPlay":false,"sceneViewState":{"showFog":true,"showMaterialUpdate":true,"showSkybox":false,"showFlares":true,"showImageEffects":true,"showParticleSystems":true},"in2DMode":false,"pivot":{"x":-4.624544143676758,"y":1.532196283340454,"z":-10.297152519226075},"rotation":{"x":0.0012042722664773465,"y":-0.9972362518310547,"z":0.013760635629296303,"w":0.07441867887973786},"size":10.179544448852539,"orthographic":false}