{"cameraMode":{"drawMode":0,"name":"Shaded","section":"Shading Mode"},"sceneLighting":true,"audioPlay":false,"sceneViewState":{"showFog":true,"showMaterialUpdate":false,"showSkybox":false,"showFlares":true,"showImageEffects":true,"showParticleSystems":true},"in2DMode":false,"pivot":{"x":8.868683815002442,"y":1.6959909200668336,"z":22.60468101501465},"rotation":{"x":0.001528959022834897,"y":0.2150474488735199,"z":0.0027566743083298208,"w":0.9768878817558289},"size":12.602546691894532,"orthographic":false}