{"cameraMode":{"drawMode":0,"name":"Shaded","section":"Shading Mode"},"sceneLighting":false,"audioPlay":false,"sceneViewState":{"showFog":true,"showMaterialUpdate":true,"showSkybox":false,"showFlares":true,"showImageEffects":true,"showParticleSystems":true},"in2DMode":false,"pivot":{"x":-1.2598705291748047,"y":0.6197328567504883,"z":-0.022501319646835328},"rotation":{"x":0.10038647055625916,"y":0.9017401337623596,"z":-0.3180316388607025,"w":0.27609294652938845},"size":1.4156728982925416,"orthographic":false}