{"cameraMode":{"drawMode":0,"name":"Shaded","section":"Shading Mode"},"sceneLighting":false,"audioPlay":false,"sceneViewState":{"showFog":true,"showMaterialUpdate":true,"showSkybox":false,"showFlares":true,"showImageEffects":true,"showParticleSystems":true},"in2DMode":false,"pivot":{"x":4.172325134277344e-7,"y":0.586911678314209,"z":-0.007148951292037964},"rotation":{"x":-0.05956558510661125,"y":0.9393534660339356,"z":-0.21655946969985963,"w":-0.25972744822502139},"size":1.0008125305175782,"orthographic":false}