{"cameraMode":{"drawMode":0,"name":"Shaded","section":"Shading Mode"},"sceneLighting":true,"audioPlay":false,"sceneViewState":{"showFog":true,"showMaterialUpdate":true,"showSkybox":true,"showFlares":true,"showImageEffects":true,"showParticleSystems":true},"in2DMode":false,"pivot":{"x":-1.8302984237670899,"y":17.841388702392579,"z":0.7913503646850586},"rotation":{"x":-0.11401055008172989,"y":0.8827271461486816,"z":-0.2830219864845276,"w":-0.358818918466568},"size":7.686260223388672,"orthographic":false}