{"cameraMode":{"drawMode":0,"name":"Shaded","section":"Shading Mode"},"sceneLighting":true,"audioPlay":false,"sceneViewState":{"showFog":true,"showMaterialUpdate":true,"showSkybox":true,"showFlares":true,"showImageEffects":true,"showParticleSystems":true},"in2DMode":false,"pivot":{"x":-14.295367240905762,"y":14.821627616882325,"z":1.9858794212341309},"rotation":{"x":-0.27259698510169985,"y":0.381836861371994,"z":-0.116790771484375,"w":-0.8760610818862915},"size":6.957484245300293,"orthographic":false}