{"cameraMode":{"drawMode":0,"name":"Shaded","section":"Shading Mode"},"sceneLighting":false,"audioPlay":false,"sceneViewState":{"showFog":true,"showMaterialUpdate":false,"showSkybox":false,"showFlares":true,"showImageEffects":true,"showParticleSystems":true},"in2DMode":false,"pivot":{"x":0.02257319912314415,"y":0.9933767914772034,"z":-5.534856796264648},"rotation":{"x":-0.11519505083560944,"y":-0.16077136993408204,"z":0.018904507160186769,"w":-0.9800887703895569},"size":1.2247449159622193,"orthographic":false}