{"cameraMode":{"drawMode":0,"name":"Shaded","section":"Shading Mode"},"sceneLighting":false,"audioPlay":false,"sceneViewState":{"showFog":true,"showMaterialUpdate":false,"showSkybox":false,"showFlares":true,"showImageEffects":true,"showParticleSystems":true},"in2DMode":false,"pivot":{"x":0.000039458274841308594,"y":1.2040953636169434,"z":-0.07956176996231079},"rotation":{"x":0.006792183965444565,"y":0.9647173285484314,"z":-0.2626432478427887,"w":0.024465451017022134},"size":1.6853481531143189,"orthographic":false}