{"cameraMode":{"drawMode":0,"name":"Shaded","section":"Shading Mode"},"sceneLighting":false,"audioPlay":false,"sceneViewState":{"showFog":true,"showMaterialUpdate":false,"showSkybox":false,"showFlares":true,"showImageEffects":true,"showParticleSystems":true},"in2DMode":false,"pivot":{"x":-1.75257408618927,"y":1.084554672241211,"z":-0.40545183420181277},"rotation":{"x":-0.021405240520834924,"y":0.9781999588012695,"z":-0.15987209975719453,"w":-0.13108380138874055},"size":1.8260632753372193,"orthographic":false}