{"cameraMode":{"drawMode":0,"name":"Shaded","section":"Shading Mode"},"sceneLighting":false,"audioPlay":false,"sceneViewState":{"showFog":true,"showMaterialUpdate":false,"showSkybox":false,"showFlares":true,"showImageEffects":true,"showParticleSystems":true},"in2DMode":false,"pivot":{"x":-0.44231265783309939,"y":0.6724079251289368,"z":0.1942582130432129},"rotation":{"x":-0.16999520361423493,"y":0.7122064828872681,"z":-0.1848488301038742,"w":-0.6557456254959106},"size":0.8758720755577087,"orthographic":false}