{"cameraMode":{"drawMode":0,"name":"Shaded","section":"Shading Mode"},"sceneLighting":true,"audioPlay":false,"sceneViewState":{"showFog":true,"showMaterialUpdate":false,"showSkybox":false,"showFlares":true,"showImageEffects":true,"showParticleSystems":true},"in2DMode":false,"pivot":{"x":-3.2703700065612795,"y":-4.542154312133789,"z":-8.583898544311524},"rotation":{"x":0.03407258540391922,"y":0.9639261364936829,"z":-0.21637576818466187,"w":0.15183526277542115},"size":7.681522846221924,"orthographic":false}