{"cameraMode":{"drawMode":0,"name":"Shaded","section":"Shading Mode"},"sceneLighting":false,"audioPlay":false,"sceneViewState":{"showFog":true,"showMaterialUpdate":false,"showSkybox":false,"showFlares":true,"showImageEffects":true,"showParticleSystems":true},"in2DMode":false,"pivot":{"x":-4.698610782623291,"y":1.8039379119873047,"z":-1.4595428705215455},"rotation":{"x":-0.06806224584579468,"y":0.931294322013855,"z":-0.23383012413978578,"w":-0.27102339267730715},"size":3.655527114868164,"orthographic":false}