{"cameraMode":{"drawMode":0,"name":"Shaded","section":"Shading Mode"},"sceneLighting":false,"audioPlay":false,"sceneViewState":{"showFog":true,"showMaterialUpdate":true,"showSkybox":false,"showFlares":true,"showImageEffects":true,"showParticleSystems":true},"in2DMode":false,"pivot":{"x":0.002166375517845154,"y":10.252918243408204,"z":-4.203145503997803},"rotation":{"x":-0.5275071263313294,"y":-0.44300326704978945,"z":0.38217073678970339,"w":-0.6169785261154175},"size":2.757781744003296,"orthographic":false}