{"cameraMode":{"drawMode":0,"name":"Shaded","section":"Shading Mode"},"sceneLighting":false,"audioPlay":false,"sceneViewState":{"showFog":true,"showMaterialUpdate":false,"showSkybox":false,"showFlares":true,"showImageEffects":true,"showParticleSystems":true},"in2DMode":false,"pivot":{"x":-0.05613553524017334,"y":3.5406293869018556,"z":0.4095163941383362},"rotation":{"x":-0.021785562857985498,"y":0.9750373959541321,"z":0.11134234815835953,"w":0.19130422174930573},"size":0.6727913618087769,"orthographic":false}