{"cameraMode":{"drawMode":0,"name":"Shaded","section":"Shading Mode"},"sceneLighting":false,"audioPlay":false,"sceneViewState":{"showFog":true,"showMaterialUpdate":true,"showSkybox":false,"showFlares":true,"showImageEffects":true,"showParticleSystems":true},"in2DMode":false,"pivot":{"x":0.0,"y":1.1990336179733277,"z":0.04584416747093201},"rotation":{"x":0.06019469350576401,"y":-0.9361997842788696,"z":0.2203824371099472,"w":0.268307626247406},"size":0.598872184753418,"orthographic":false}