{"cameraMode":{"drawMode":0,"name":"Shaded","section":"Shading Mode"},"sceneLighting":false,"audioPlay":false,"sceneViewState":{"showFog":true,"showMaterialUpdate":true,"showSkybox":false,"showFlares":true,"showImageEffects":true,"showParticleSystems":true},"in2DMode":false,"pivot":{"x":0.18727660179138184,"y":0.3181191086769104,"z":-0.44309747219085696},"rotation":{"x":-0.021352607756853105,"y":0.9278138875961304,"z":0.05511046200990677,"w":0.36977308988571169},"size":0.1746271252632141,"orthographic":false}