{"cameraMode":{"drawMode":0,"name":"Shaded","section":"Shading Mode"},"sceneLighting":false,"audioPlay":false,"sceneViewState":{"showFog":true,"showMaterialUpdate":true,"showSkybox":false,"showFlares":true,"showImageEffects":true,"showParticleSystems":true},"in2DMode":false,"pivot":{"x":-2.5,"y":0.5689108967781067,"z":-0.0083465576171875},"rotation":{"x":0.32887765765190127,"y":-0.09601525217294693,"z":0.03495970740914345,"w":0.9393691420555115},"size":2.570485830307007,"orthographic":false}