{"cameraMode":{"drawMode":0,"name":"Shaded","section":"Shading Mode"},"sceneLighting":true,"audioPlay":false,"sceneViewState":{"showFog":true,"showMaterialUpdate":true,"showSkybox":false,"showFlares":true,"showImageEffects":true,"showParticleSystems":true},"in2DMode":false,"pivot":{"x":-2.1131608486175539,"y":-0.388333797454834,"z":-2.165419340133667},"rotation":{"x":-0.22169172763824464,"y":-0.08958243578672409,"z":0.020676715299487115,"w":-0.9714064598083496},"size":3.0218605995178224,"orthographic":false}