{"cameraMode":{"drawMode":0,"name":"Shaded","section":"Shading Mode"},"sceneLighting":true,"audioPlay":false,"sceneViewState":{"showFog":true,"showMaterialUpdate":false,"showSkybox":false,"showFlares":true,"showImageEffects":true,"showParticleSystems":true},"in2DMode":false,"pivot":{"x":-19.103139877319337,"y":-1.147524118423462,"z":-3.030811309814453},"rotation":{"x":-0.032863516360521319,"y":0.7841932773590088,"z":-0.040921736508607867,"w":-0.6184999942779541},"size":11.411661148071289,"orthographic":false}