{"cameraMode":{"drawMode":0,"name":"Shaded","section":"Shading Mode"},"sceneLighting":false,"audioPlay":false,"sceneViewState":{"showFog":true,"showMaterialUpdate":true,"showSkybox":false,"showFlares":true,"showImageEffects":true,"showParticleSystems":true},"in2DMode":false,"pivot":{"x":-0.2063114047050476,"y":0.8802875876426697,"z":1.9531749486923218},"rotation":{"x":-0.0002324127999600023,"y":0.9987411499023438,"z":-0.009002435952425003,"w":-0.052172888070344928},"size":3.8029730319976808,"orthographic":false}