{"cameraMode":{"drawMode":0,"name":"Shaded","section":"Shading Mode"},"sceneLighting":false,"audioPlay":false,"sceneViewState":{"showFog":true,"showMaterialUpdate":false,"showSkybox":false,"showFlares":true,"showImageEffects":true,"showParticleSystems":true},"in2DMode":false,"pivot":{"x":-4.921122074127197,"y":-20.968664169311525,"z":2.8680591583251955},"rotation":{"x":-0.4775080382823944,"y":0.5171128511428833,"z":-0.46408727765083315,"w":-0.5383304357528687},"size":17.620223999023439,"orthographic":false}