{"cameraMode":{"drawMode":0,"name":"Shaded","section":"Shading Mode"},"sceneLighting":false,"audioPlay":false,"sceneViewState":{"showFog":true,"showMaterialUpdate":false,"showSkybox":false,"showFlares":true,"showImageEffects":true,"showParticleSystems":true},"in2DMode":false,"pivot":{"x":0.9600945711135864,"y":0.6779198050498962,"z":0.275110125541687},"rotation":{"x":-0.01506100781261921,"y":0.9088595509529114,"z":-0.03269241750240326,"w":-0.41574087738990786},"size":1.1872457265853882,"orthographic":false}