{"cameraMode":{"drawMode":0,"name":"Shaded","section":"Shading Mode"},"sceneLighting":false,"audioPlay":false,"sceneViewState":{"showFog":true,"showMaterialUpdate":false,"showSkybox":false,"showFlares":true,"showImageEffects":true,"showParticleSystems":true},"in2DMode":false,"pivot":{"x":0.8676223754882813,"y":11.415467262268067,"z":14.082616806030274},"rotation":{"x":0.00246082223020494,"y":0.9868345260620117,"z":-0.16159625351428986,"w":0.015032167546451092},"size":27.23940658569336,"orthographic":false}