{"cameraMode":{"drawMode":0,"name":"Shaded","section":"Shading Mode"},"sceneLighting":true,"audioPlay":false,"sceneViewState":{"showFog":true,"showMaterialUpdate":true,"showSkybox":true,"showFlares":true,"showImageEffects":true,"showParticleSystems":true},"in2DMode":false,"pivot":{"x":9.782892227172852,"y":1.7257930040359498,"z":18.149402618408204},"rotation":{"x":-0.13065984845161439,"y":-0.8003798723220825,"z":0.5555530190467835,"w":-0.18722961843013764},"size":17.437471389770509,"orthographic":false}