{"cameraMode":{"drawMode":0,"name":"Shaded","section":"Shading Mode"},"sceneLighting":false,"audioPlay":false,"sceneViewState":{"showFog":true,"showMaterialUpdate":false,"showSkybox":false,"showFlares":true,"showImageEffects":true,"showParticleSystems":true},"in2DMode":false,"pivot":{"x":2.384185791015625e-7,"y":1.592818021774292,"z":0.07850086688995362},"rotation":{"x":-0.0026897809002548458,"y":0.986914336681366,"z":-0.1612885296344757,"w":-0.014768705703318119},"size":2.97560715675354,"orthographic":false}