{"cameraMode":{"drawMode":0,"name":"Shaded","section":"Shading Mode"},"sceneLighting":true,"audioPlay":false,"sceneViewState":{"showFog":true,"showMaterialUpdate":true,"showSkybox":true,"showFlares":true,"showImageEffects":true,"showParticleSystems":true},"in2DMode":false,"pivot":{"x":6.4089789390563969,"y":0.5269017815589905,"z":15.084084510803223},"rotation":{"x":0.3066726326942444,"y":-0.3813081979751587,"z":0.13585808873176576,"w":0.8616071343421936},"size":1.8172588348388672,"orthographic":false}