{"cameraMode":{"drawMode":0,"name":"Shaded","section":"Shading Mode"},"sceneLighting":true,"audioPlay":false,"sceneViewState":{"showFog":true,"showMaterialUpdate":true,"showSkybox":false,"showFlares":true,"showImageEffects":true,"showParticleSystems":true},"in2DMode":false,"pivot":{"x":27.51390266418457,"y":-16.362579345703126,"z":-4.4217987060546879},"rotation":{"x":-0.12358570098876953,"y":-0.8158941864967346,"z":0.1896427422761917,"w":-0.5322551131248474},"size":23.229169845581056,"orthographic":false}