{"cameraMode":{"drawMode":0,"name":"Shaded","section":"Shading Mode"},"sceneLighting":false,"audioPlay":false,"sceneViewState":{"showFog":true,"showMaterialUpdate":true,"showSkybox":false,"showFlares":true,"showImageEffects":true,"showParticleSystems":true},"in2DMode":false,"pivot":{"x":0.0,"y":-2.384185791015625e-7,"z":0.043163299560546878},"rotation":{"x":-0.29395586252212527,"y":0.6626675724983215,"z":-0.3201773762702942,"w":-0.6107450127601624},"size":0.1393016129732132,"orthographic":false}